-- Verified Shortlet Database Dump
SET FOREIGN_KEY_CHECKS = 0;

-- Ensure schema matches Flask models by making booking_payments.booking_userid nullable
ALTER TABLE `booking_payments` MODIFY `booking_userid` INT NULL;

-- Dumping data for table admins
TRUNCATE TABLE `admins`;
INSERT INTO `admins` (`admin_id`, `admin_email`, `admin_password`) VALUES (1, 'admin@gmail.com', 'scrypt:32768:8:1$eeCNqVQ4TTqn9joL$02919327731923721db156823bc528e74781e53daf085ec046fc6b3150dc72dba625ca5eab7afde9b388b1c639d5e633a0fd81485b10b17012940c502c6d26ef');
INSERT INTO `admins` (`admin_id`, `admin_email`, `admin_password`) VALUES (2, 'andrew@gmail.com', 'scrypt:32768:8:1$CqyyHkWgi02XzTJf$ffbf0f79fec2635df04ac7f97a88f3f08bcd5fae2913bb4b8c0d6594090d43824fd9e3dd92471229cec127b0817db1912e02a6e76c78bd85bf12c5ff70bcafcc');

-- Dumping data for table alembic_version
TRUNCATE TABLE `alembic_version`;
INSERT INTO `alembic_version` (`version_num`) VALUES ('513430652b4f');

-- Dumping data for table amenities
TRUNCATE TABLE `amenities`;
INSERT INTO `amenities` (`amenity_id`, `amenity_name`) VALUES (1, 'swmming pool');
INSERT INTO `amenities` (`amenity_id`, `amenity_name`) VALUES (2, 'Air Conditioning');
INSERT INTO `amenities` (`amenity_id`, `amenity_name`) VALUES (3, 'Smart TV');
INSERT INTO `amenities` (`amenity_id`, `amenity_name`) VALUES (4, 'Free WiFi');
INSERT INTO `amenities` (`amenity_id`, `amenity_name`) VALUES (5, '24/7 Electricity');
INSERT INTO `amenities` (`amenity_id`, `amenity_name`) VALUES (6, 'tv');
INSERT INTO `amenities` (`amenity_id`, `amenity_name`) VALUES (7, 'Gym');

-- Dumping data for table booking_details
TRUNCATE TABLE `booking_details`;
INSERT INTO `booking_details` (`booking_detail_id`, `booking_userid`, `booking_propid`, `full_name`, `email`, `phone`, `checkin_date`, `checkout_date`, `guests`, `special_requests`, `terms_agreed`, `nights`, `subtotal`, `cleaning_fee`, `service_fee`, `total_amount`, `booking_status`, `created_at`, `updated_at`) VALUES (1, 8, 7, 'Iyabo Gbadamonsi', 'iyabo@gmail.com', '+2340000099990', '2026-07-07', '2026-07-13', 3, 'I will like to arrived a bit late because my flight was reschedule', 1, 6, '1200000.00', '5000.00', '3000.00', '1208000.00', 'pending_payment', '2026-07-05 00:21:02', '2026-07-05 00:21:02');
INSERT INTO `booking_details` (`booking_detail_id`, `booking_userid`, `booking_propid`, `full_name`, `email`, `phone`, `checkin_date`, `checkout_date`, `guests`, `special_requests`, `terms_agreed`, `nights`, `subtotal`, `cleaning_fee`, `service_fee`, `total_amount`, `booking_status`, `created_at`, `updated_at`) VALUES (2, 8, 7, 'Jack Ravor', 'jack@gmail.com', '+237040005444', '2026-07-07', '2026-07-13', 3, 'Can I checkin a bit late?', 1, 6, '1200000.00', '5000.00', '3000.00', '1208000.00', 'pending_payment', '2026-07-05 00:29:34', '2026-07-05 00:29:34');
INSERT INTO `booking_details` (`booking_detail_id`, `booking_userid`, `booking_propid`, `full_name`, `email`, `phone`, `checkin_date`, `checkout_date`, `guests`, `special_requests`, `terms_agreed`, `nights`, `subtotal`, `cleaning_fee`, `service_fee`, `total_amount`, `booking_status`, `created_at`, `updated_at`) VALUES (3, 8, 8, 'Shara Judah', 'shara@gmail.com', '+2349107777900', '2026-07-08', '2026-07-09', 3, 'I will be arriving earlier than the check-in time', 1, 1, '10.00', '0.00', '5000.00', '5010.00', 'paid', '2026-07-05 21:57:09', '2026-07-05 22:23:14');
INSERT INTO `booking_details` (`booking_detail_id`, `booking_userid`, `booking_propid`, `full_name`, `email`, `phone`, `checkin_date`, `checkout_date`, `guests`, `special_requests`, `terms_agreed`, `nights`, `subtotal`, `cleaning_fee`, `service_fee`, `total_amount`, `booking_status`, `created_at`, `updated_at`) VALUES (4, 8, 8, 'Shara Judah', 'shara@gmail.com', '+2349107777900', '2026-07-08', '2026-07-09', 3, 'I will be arriving earlier than the check-in time', 1, 1, '10.00', '0.00', '5000.00', '5010.00', 'paid', '2026-07-05 22:32:42', '2026-07-05 22:33:06');
INSERT INTO `booking_details` (`booking_detail_id`, `booking_userid`, `booking_propid`, `full_name`, `email`, `phone`, `checkin_date`, `checkout_date`, `guests`, `special_requests`, `terms_agreed`, `nights`, `subtotal`, `cleaning_fee`, `service_fee`, `total_amount`, `booking_status`, `created_at`, `updated_at`) VALUES (5, 8, 8, 'Shara Judah', 'shara@gmail.com', '+2349107777900', '2026-07-08', '2026-07-09', 3, 'I will be arriving earlier than the check-in time', 1, 1, '10.00', '0.00', '5000.00', '5010.00', 'paid', '2026-07-05 22:33:42', '2026-07-05 22:34:00');
INSERT INTO `booking_details` (`booking_detail_id`, `booking_userid`, `booking_propid`, `full_name`, `email`, `phone`, `checkin_date`, `checkout_date`, `guests`, `special_requests`, `terms_agreed`, `nights`, `subtotal`, `cleaning_fee`, `service_fee`, `total_amount`, `booking_status`, `created_at`, `updated_at`) VALUES (6, 8, 8, 'Shara Judah', 'shara@gmail.com', '+2349107777900', '2026-07-08', '2026-07-09', 3, 'I will be arriving earlier than the check-in time', 1, 1, '10.00', '0.00', '5000.00', '5010.00', 'pending_payment', '2026-07-05 22:44:44', '2026-07-05 22:44:44');
INSERT INTO `booking_details` (`booking_detail_id`, `booking_userid`, `booking_propid`, `full_name`, `email`, `phone`, `checkin_date`, `checkout_date`, `guests`, `special_requests`, `terms_agreed`, `nights`, `subtotal`, `cleaning_fee`, `service_fee`, `total_amount`, `booking_status`, `created_at`, `updated_at`) VALUES (7, 8, 8, 'Jide Jendol', 'jide@gmail.com', '+2349122277999', '2026-07-08', '2026-07-09', 3, 'I will arrive a bit earlier', 1, 1, '10.00', '0.00', '5000.00', '5010.00', 'paid', '2026-07-05 22:46:20', '2026-07-05 22:53:07');
INSERT INTO `booking_details` (`booking_detail_id`, `booking_userid`, `booking_propid`, `full_name`, `email`, `phone`, `checkin_date`, `checkout_date`, `guests`, `special_requests`, `terms_agreed`, `nights`, `subtotal`, `cleaning_fee`, `service_fee`, `total_amount`, `booking_status`, `created_at`, `updated_at`) VALUES (8, 8, 8, 'Oluseye Adeleke', 'seye@gmail.com', '+234910777711', '2026-07-14', '2026-07-15', 2, 'I will be arriving a bit earlier', 1, 1, '10.00', '0.00', '5000.00', '5010.00', 'paid', '2026-07-06 10:15:17', '2026-07-06 10:17:19');
INSERT INTO `booking_details` (`booking_detail_id`, `booking_userid`, `booking_propid`, `full_name`, `email`, `phone`, `checkin_date`, `checkout_date`, `guests`, `special_requests`, `terms_agreed`, `nights`, `subtotal`, `cleaning_fee`, `service_fee`, `total_amount`, `booking_status`, `created_at`, `updated_at`) VALUES (9, 8, 9, 'Ade Ola', 'ade@gmail.com', '+2349107777000', '2026-07-14', '2026-07-15', 2, '', 1, 1, '20000.00', '0.00', '5000.00', '25000.00', 'paid', '2026-07-06 10:30:25', '2026-07-06 10:32:09');
INSERT INTO `booking_details` (`booking_detail_id`, `booking_userid`, `booking_propid`, `full_name`, `email`, `phone`, `checkin_date`, `checkout_date`, `guests`, `special_requests`, `terms_agreed`, `nights`, `subtotal`, `cleaning_fee`, `service_fee`, `total_amount`, `booking_status`, `created_at`, `updated_at`) VALUES (10, 8, 10, 'Joel Mark', 'joel@gmail.com', '+2349107777444', '2026-07-14', '2026-07-15', 2, '', 1, 1, '15000.00', '0.00', '5000.00', '20000.00', 'paid', '2026-07-06 10:56:36', '2026-07-06 10:57:06');
INSERT INTO `booking_details` (`booking_detail_id`, `booking_userid`, `booking_propid`, `full_name`, `email`, `phone`, `checkin_date`, `checkout_date`, `guests`, `special_requests`, `terms_agreed`, `nights`, `subtotal`, `cleaning_fee`, `service_fee`, `total_amount`, `booking_status`, `created_at`, `updated_at`) VALUES (11, 8, 10, 'John Adeyinka', 'adeyinka@gmail.com', '+2349107777999', '2026-07-14', '2026-07-15', 1, '', 1, 1, '15000.00', '0.00', '5000.00', '20000.00', 'pending_payment', '2026-07-06 20:19:47', '2026-07-06 20:19:47');
INSERT INTO `booking_details` (`booking_detail_id`, `booking_userid`, `booking_propid`, `full_name`, `email`, `phone`, `checkin_date`, `checkout_date`, `guests`, `special_requests`, `terms_agreed`, `nights`, `subtotal`, `cleaning_fee`, `service_fee`, `total_amount`, `booking_status`, `created_at`, `updated_at`) VALUES (12, 0, 5, 'Funmi Ali', 'funmi@yahoo.com', '+2348099998887', '2026-07-14', '2026-07-15', 2, '', 1, 1, '1200.00', '0.00', '5000.00', '6200.00', 'pending_payment', '2026-07-06 22:21:40', '2026-07-06 22:21:40');
INSERT INTO `booking_details` (`booking_detail_id`, `booking_userid`, `booking_propid`, `full_name`, `email`, `phone`, `checkin_date`, `checkout_date`, `guests`, `special_requests`, `terms_agreed`, `nights`, `subtotal`, `cleaning_fee`, `service_fee`, `total_amount`, `booking_status`, `created_at`, `updated_at`) VALUES (13, 8, 5, 'Funmi Ali', 'funmi@yahoo.com', '+2349101177900', '2026-07-14', '2026-07-15', 1, '', 1, 1, '1200.00', '0.00', '5000.00', '6200.00', 'paid', '2026-07-06 22:23:03', '2026-07-06 22:23:18');
INSERT INTO `booking_details` (`booking_detail_id`, `booking_userid`, `booking_propid`, `full_name`, `email`, `phone`, `checkin_date`, `checkout_date`, `guests`, `special_requests`, `terms_agreed`, `nights`, `subtotal`, `cleaning_fee`, `service_fee`, `total_amount`, `booking_status`, `created_at`, `updated_at`) VALUES (14, 0, 8, 'Emeka Chukwu', 'emeka@yahoo.com', '+234904432099', '2026-07-14', '2026-07-15', 2, 'I will arrive a bit earlier', 1, 1, '10.00', '0.00', '5000.00', '5010.00', 'pending_payment', '2026-07-08 20:26:09', '2026-07-08 20:26:09');
INSERT INTO `booking_details` (`booking_detail_id`, `booking_userid`, `booking_propid`, `full_name`, `email`, `phone`, `checkin_date`, `checkout_date`, `guests`, `special_requests`, `terms_agreed`, `nights`, `subtotal`, `cleaning_fee`, `service_fee`, `total_amount`, `booking_status`, `created_at`, `updated_at`) VALUES (15, 7, 8, 'Emeka Chukwu', 'emeka@yahoo.com', '+234800087700', '2026-07-14', '2026-07-15', 2, '', 1, 1, '10.00', '0.00', '5000.00', '5010.00', 'paid', '2026-07-08 20:31:29', '2026-07-08 20:31:58');
INSERT INTO `booking_details` (`booking_detail_id`, `booking_userid`, `booking_propid`, `full_name`, `email`, `phone`, `checkin_date`, `checkout_date`, `guests`, `special_requests`, `terms_agreed`, `nights`, `subtotal`, `cleaning_fee`, `service_fee`, `total_amount`, `booking_status`, `created_at`, `updated_at`) VALUES (16, 0, 8, 'Ade Ola', 'ade@yahoo.com', '+23407655543333', '2026-07-14', '2026-07-15', 2, '', 1, 1, '10.00', '0.00', '5000.00', '5010.00', 'pending_payment', '2026-07-08 20:45:04', '2026-07-08 20:45:04');
INSERT INTO `booking_details` (`booking_detail_id`, `booking_userid`, `booking_propid`, `full_name`, `email`, `phone`, `checkin_date`, `checkout_date`, `guests`, `special_requests`, `terms_agreed`, `nights`, `subtotal`, `cleaning_fee`, `service_fee`, `total_amount`, `booking_status`, `created_at`, `updated_at`) VALUES (17, 8, 8, 'Emeka Chukwu', 'emeka@yahoo.com', '+2348107777999', '2026-07-14', '2026-07-15', 2, '', 1, 1, '10.00', '0.00', '5000.00', '5010.00', 'paid', '2026-07-08 20:46:44', '2026-07-08 20:47:12');
INSERT INTO `booking_details` (`booking_detail_id`, `booking_userid`, `booking_propid`, `full_name`, `email`, `phone`, `checkin_date`, `checkout_date`, `guests`, `special_requests`, `terms_agreed`, `nights`, `subtotal`, `cleaning_fee`, `service_fee`, `total_amount`, `booking_status`, `created_at`, `updated_at`) VALUES (18, 8, 8, 'Emeka Chukwu', 'emeka@yahoo.com', '+2348107777999', '2026-07-14', '2026-07-15', 2, '', 1, 1, '10.00', '0.00', '5000.00', '5010.00', 'pending_payment', '2026-07-08 22:50:31', '2026-07-08 22:50:31');
INSERT INTO `booking_details` (`booking_detail_id`, `booking_userid`, `booking_propid`, `full_name`, `email`, `phone`, `checkin_date`, `checkout_date`, `guests`, `special_requests`, `terms_agreed`, `nights`, `subtotal`, `cleaning_fee`, `service_fee`, `total_amount`, `booking_status`, `created_at`, `updated_at`) VALUES (19, 0, 12, 'Opeyemi Job', 'opeyemi@yahoo.com', '+234709999334I will', '2026-07-14', '2026-07-16', 3, 'I will arrive a bit earlier', 1, 2, '20000.00', '0.00', '5000.00', '25000.00', 'pending_payment', '2026-07-09 14:02:35', '2026-07-09 14:02:35');
INSERT INTO `booking_details` (`booking_detail_id`, `booking_userid`, `booking_propid`, `full_name`, `email`, `phone`, `checkin_date`, `checkout_date`, `guests`, `special_requests`, `terms_agreed`, `nights`, `subtotal`, `cleaning_fee`, `service_fee`, `total_amount`, `booking_status`, `created_at`, `updated_at`) VALUES (20, 9, 12, 'Opeyemi Job', 'opeyemi@yahoo.com', '+23490111144333', '2026-07-14', '2026-07-17', 3, 'I will arrive earlier', 1, 3, '30000.00', '0.00', '5000.00', '35000.00', 'paid', '2026-07-09 14:04:28', '2026-07-09 14:04:50');
INSERT INTO `booking_details` (`booking_detail_id`, `booking_userid`, `booking_propid`, `full_name`, `email`, `phone`, `checkin_date`, `checkout_date`, `guests`, `special_requests`, `terms_agreed`, `nights`, `subtotal`, `cleaning_fee`, `service_fee`, `total_amount`, `booking_status`, `created_at`, `updated_at`) VALUES (21, 8, 8, 'John Adeyinka', 'adeyinka@gmail.com', '+2349107777999', '2026-07-14', '2026-07-15', 2, '', 1, 1, '10.00', '0.00', '5000.00', '5010.00', 'paid', '2026-07-10 10:17:28', '2026-07-10 10:17:49');
INSERT INTO `booking_details` (`booking_detail_id`, `booking_userid`, `booking_propid`, `full_name`, `email`, `phone`, `checkin_date`, `checkout_date`, `guests`, `special_requests`, `terms_agreed`, `nights`, `subtotal`, `cleaning_fee`, `service_fee`, `total_amount`, `booking_status`, `created_at`, `updated_at`) VALUES (22, 8, 8, 'John Adeyinka', 'adeyinka@gmail.com', '+2349107777999', '2026-07-14', '2026-07-15', 2, '', 1, 1, '10.00', '0.00', '5000.00', '5010.00', 'paid', '2026-07-10 10:40:38', '2026-07-10 10:40:53');
INSERT INTO `booking_details` (`booking_detail_id`, `booking_userid`, `booking_propid`, `full_name`, `email`, `phone`, `checkin_date`, `checkout_date`, `guests`, `special_requests`, `terms_agreed`, `nights`, `subtotal`, `cleaning_fee`, `service_fee`, `total_amount`, `booking_status`, `created_at`, `updated_at`) VALUES (23, 0, 13, 'Oyewole Akin', 'oyewole@gmail.com', '+23490768543', '2026-07-15', '2026-07-16', 3, '', 1, 1, '15000.00', '0.00', '5000.00', '20000.00', 'pending_payment', '2026-07-12 11:08:29', '2026-07-12 11:08:29');
INSERT INTO `booking_details` (`booking_detail_id`, `booking_userid`, `booking_propid`, `full_name`, `email`, `phone`, `checkin_date`, `checkout_date`, `guests`, `special_requests`, `terms_agreed`, `nights`, `subtotal`, `cleaning_fee`, `service_fee`, `total_amount`, `booking_status`, `created_at`, `updated_at`) VALUES (24, NULL, 13, 'Oyewole Akin', 'oyewole@gmail.com', '+2349077733344', '2026-07-15', '2026-07-16', 2, '', 1, 1, '15000.00', '0.00', '5000.00', '20000.00', 'pending_payment', '2026-07-12 11:40:55', '2026-07-12 11:40:55');
INSERT INTO `booking_details` (`booking_detail_id`, `booking_userid`, `booking_propid`, `full_name`, `email`, `phone`, `checkin_date`, `checkout_date`, `guests`, `special_requests`, `terms_agreed`, `nights`, `subtotal`, `cleaning_fee`, `service_fee`, `total_amount`, `booking_status`, `created_at`, `updated_at`) VALUES (25, NULL, 5, 'Oyewole Akin', 'oyewole@gmail.com', '+2340099955', '2026-07-14', '2026-07-16', 3, '', 1, 2, '2400.00', '0.00', '5000.00', '7400.00', 'paid', '2026-07-12 19:47:58', '2026-07-12 19:48:15');
INSERT INTO `booking_details` (`booking_detail_id`, `booking_userid`, `booking_propid`, `full_name`, `email`, `phone`, `checkin_date`, `checkout_date`, `guests`, `special_requests`, `terms_agreed`, `nights`, `subtotal`, `cleaning_fee`, `service_fee`, `total_amount`, `booking_status`, `created_at`, `updated_at`) VALUES (26, NULL, 5, 'Tony Benson', 'tony@yahoo.com', '+234905557322', '2026-07-14', '2026-07-16', 3, '', 1, 2, '2400.00', '0.00', '5000.00', '7400.00', 'paid', '2026-07-13 10:47:23', '2026-07-13 10:47:38');
INSERT INTO `booking_details` (`booking_detail_id`, `booking_userid`, `booking_propid`, `full_name`, `email`, `phone`, `checkin_date`, `checkout_date`, `guests`, `special_requests`, `terms_agreed`, `nights`, `subtotal`, `cleaning_fee`, `service_fee`, `total_amount`, `booking_status`, `created_at`, `updated_at`) VALUES (27, NULL, 5, 'Tony Benson', 'tony@yahoo.com', '+234905557322', '2026-07-14', '2026-07-16', 3, '', 1, 2, '2400.00', '0.00', '5000.00', '7400.00', 'paid', '2026-07-13 11:06:44', '2026-07-13 11:06:57');
INSERT INTO `booking_details` (`booking_detail_id`, `booking_userid`, `booking_propid`, `full_name`, `email`, `phone`, `checkin_date`, `checkout_date`, `guests`, `special_requests`, `terms_agreed`, `nights`, `subtotal`, `cleaning_fee`, `service_fee`, `total_amount`, `booking_status`, `created_at`, `updated_at`) VALUES (28, NULL, 12, 'Emeka Eke', 'emeka.eke@gmail.com', '+2347892222', '2026-07-15', '2026-07-16', 2, '', 1, 1, '10000.00', '0.00', '5000.00', '15000.00', 'paid', '2026-07-13 12:56:53', '2026-07-13 12:57:11');
INSERT INTO `booking_details` (`booking_detail_id`, `booking_userid`, `booking_propid`, `full_name`, `email`, `phone`, `checkin_date`, `checkout_date`, `guests`, `special_requests`, `terms_agreed`, `nights`, `subtotal`, `cleaning_fee`, `service_fee`, `total_amount`, `booking_status`, `created_at`, `updated_at`) VALUES (29, 7, 8, 'Vicky Jones', 'vicky@gmail.com', '+234800087789', '2026-07-27', '2026-07-29', 2, '', 1, 2, '20.00', '0.00', '5000.00', '5020.00', 'paid', '2026-07-13 12:58:34', '2026-07-13 12:58:49');
INSERT INTO `booking_details` (`booking_detail_id`, `booking_userid`, `booking_propid`, `full_name`, `email`, `phone`, `checkin_date`, `checkout_date`, `guests`, `special_requests`, `terms_agreed`, `nights`, `subtotal`, `cleaning_fee`, `service_fee`, `total_amount`, `booking_status`, `created_at`, `updated_at`) VALUES (30, NULL, 12, 'Babs Oyewole', 'babs@gmail.com', '+23480003334', '2026-07-16', '2026-07-18', 2, '', 1, 2, '20000.00', '0.00', '5000.00', '25000.00', 'pending_payment', '2026-07-14 08:57:47', '2026-07-14 08:57:47');
INSERT INTO `booking_details` (`booking_detail_id`, `booking_userid`, `booking_propid`, `full_name`, `email`, `phone`, `checkin_date`, `checkout_date`, `guests`, `special_requests`, `terms_agreed`, `nights`, `subtotal`, `cleaning_fee`, `service_fee`, `total_amount`, `booking_status`, `created_at`, `updated_at`) VALUES (31, 9, 8, 'Joy Emmanuel', 'joy@yahoo.com', '+2349011114448', '2026-07-22', '2026-07-25', 2, '', 1, 3, '30.00', '0.00', '5000.00', '5030.00', 'paid', '2026-07-14 09:01:57', '2026-07-14 09:02:15');
INSERT INTO `booking_details` (`booking_detail_id`, `booking_userid`, `booking_propid`, `full_name`, `email`, `phone`, `checkin_date`, `checkout_date`, `guests`, `special_requests`, `terms_agreed`, `nights`, `subtotal`, `cleaning_fee`, `service_fee`, `total_amount`, `booking_status`, `created_at`, `updated_at`) VALUES (32, 9, 8, 'Joy Emmanuel', 'joy@yahoo.com', '+2349011114448', '2026-07-22', '2026-07-25', 2, '', 1, 3, '30.00', '0.00', '5000.00', '5030.00', 'paid', '2026-07-14 09:09:50', '2026-07-14 09:10:06');
INSERT INTO `booking_details` (`booking_detail_id`, `booking_userid`, `booking_propid`, `full_name`, `email`, `phone`, `checkin_date`, `checkout_date`, `guests`, `special_requests`, `terms_agreed`, `nights`, `subtotal`, `cleaning_fee`, `service_fee`, `total_amount`, `booking_status`, `created_at`, `updated_at`) VALUES (33, 9, 8, 'Joy Emmanuel', 'joy@yahoo.com', '+2349011114448', '2026-07-22', '2026-07-25', 2, '', 1, 3, '30.00', '0.00', '5000.00', '5030.00', 'paid', '2026-07-14 09:45:18', '2026-07-14 09:45:33');
INSERT INTO `booking_details` (`booking_detail_id`, `booking_userid`, `booking_propid`, `full_name`, `email`, `phone`, `checkin_date`, `checkout_date`, `guests`, `special_requests`, `terms_agreed`, `nights`, `subtotal`, `cleaning_fee`, `service_fee`, `total_amount`, `booking_status`, `created_at`, `updated_at`) VALUES (34, 9, 8, 'Joy Emmanuel', 'joy@yahoo.com', '+2349011114448', '2026-07-21', '2026-07-24', 2, '', 1, 3, '30.00', '0.00', '5000.00', '5030.00', 'paid', '2026-07-14 09:48:02', '2026-07-14 09:48:17');
INSERT INTO `booking_details` (`booking_detail_id`, `booking_userid`, `booking_propid`, `full_name`, `email`, `phone`, `checkin_date`, `checkout_date`, `guests`, `special_requests`, `terms_agreed`, `nights`, `subtotal`, `cleaning_fee`, `service_fee`, `total_amount`, `booking_status`, `created_at`, `updated_at`) VALUES (35, NULL, 8, 'Gift Okafor', 'gift@yahoo.com', '+23490087654', '2026-07-21', '2026-07-24', 2, '', 1, 3, '30.00', '0.00', '5000.00', '5030.00', 'pending_payment', '2026-07-14 09:50:18', '2026-07-14 09:50:18');
INSERT INTO `booking_details` (`booking_detail_id`, `booking_userid`, `booking_propid`, `full_name`, `email`, `phone`, `checkin_date`, `checkout_date`, `guests`, `special_requests`, `terms_agreed`, `nights`, `subtotal`, `cleaning_fee`, `service_fee`, `total_amount`, `booking_status`, `created_at`, `updated_at`) VALUES (36, NULL, 8, 'Babs Oyewole', 'babs@gmail.com', '+2349088765', '2026-07-22', '2026-07-24', 2, '', 1, 2, '20.00', '0.00', '5000.00', '5020.00', 'pending_payment', '2026-07-14 10:22:14', '2026-07-14 10:22:14');
INSERT INTO `booking_details` (`booking_detail_id`, `booking_userid`, `booking_propid`, `full_name`, `email`, `phone`, `checkin_date`, `checkout_date`, `guests`, `special_requests`, `terms_agreed`, `nights`, `subtotal`, `cleaning_fee`, `service_fee`, `total_amount`, `booking_status`, `created_at`, `updated_at`) VALUES (37, NULL, 8, 'Babs Oyewole', 'babs@gmail.com', '+23490886543', '2026-07-16', '2026-07-17', 2, '', 1, 1, '10.00', '0.00', '5000.00', '5010.00', 'pending_payment', '2026-07-14 11:26:48', '2026-07-14 11:26:48');
INSERT INTO `booking_details` (`booking_detail_id`, `booking_userid`, `booking_propid`, `full_name`, `email`, `phone`, `checkin_date`, `checkout_date`, `guests`, `special_requests`, `terms_agreed`, `nights`, `subtotal`, `cleaning_fee`, `service_fee`, `total_amount`, `booking_status`, `created_at`, `updated_at`) VALUES (38, 9, 8, 'Joy Emmanuel', 'joy@yahoo.com', '+2349011114448', '2026-07-22', '2026-07-23', 2, '', 1, 1, '10.00', '0.00', '5000.00', '5010.00', 'paid', '2026-07-14 11:33:47', '2026-07-14 11:34:06');
INSERT INTO `booking_details` (`booking_detail_id`, `booking_userid`, `booking_propid`, `full_name`, `email`, `phone`, `checkin_date`, `checkout_date`, `guests`, `special_requests`, `terms_agreed`, `nights`, `subtotal`, `cleaning_fee`, `service_fee`, `total_amount`, `booking_status`, `created_at`, `updated_at`) VALUES (39, NULL, 8, 'Babs Oyewole', 'babs@yahoo.com', '+234908884445', '2026-07-22', '2026-07-24', 2, '', 1, 2, '20.00', '0.00', '5000.00', '5020.00', 'pending_payment', '2026-07-14 11:38:25', '2026-07-14 11:38:25');
INSERT INTO `booking_details` (`booking_detail_id`, `booking_userid`, `booking_propid`, `full_name`, `email`, `phone`, `checkin_date`, `checkout_date`, `guests`, `special_requests`, `terms_agreed`, `nights`, `subtotal`, `cleaning_fee`, `service_fee`, `total_amount`, `booking_status`, `created_at`, `updated_at`) VALUES (40, NULL, 7, 'Babs Oyewole', 'babs@gmail.com', '+23490000000', '2026-07-22', '2026-07-24', 2, '', 1, 2, '400000.00', '0.00', '5000.00', '405000.00', 'pending_payment', '2026-07-16 04:15:11', '2026-07-16 04:15:11');
INSERT INTO `booking_details` (`booking_detail_id`, `booking_userid`, `booking_propid`, `full_name`, `email`, `phone`, `checkin_date`, `checkout_date`, `guests`, `special_requests`, `terms_agreed`, `nights`, `subtotal`, `cleaning_fee`, `service_fee`, `total_amount`, `booking_status`, `created_at`, `updated_at`) VALUES (41, 9, 12, 'Joy Emmanuel', 'joy@yahoo.com', '+2349011114448', '2026-07-22', '2026-07-24', 2, '', 1, 2, '20000.00', '0.00', '5000.00', '25000.00', 'pending_payment', '2026-07-16 04:16:33', '2026-07-16 04:16:33');
INSERT INTO `booking_details` (`booking_detail_id`, `booking_userid`, `booking_propid`, `full_name`, `email`, `phone`, `checkin_date`, `checkout_date`, `guests`, `special_requests`, `terms_agreed`, `nights`, `subtotal`, `cleaning_fee`, `service_fee`, `total_amount`, `booking_status`, `created_at`, `updated_at`) VALUES (42, 9, 5, 'Joy Emmanuel', 'joy@yahoo.com', '+2349011114448', '2026-07-22', '2026-07-24', 2, '', 1, 2, '2400.00', '0.00', '5000.00', '7400.00', 'pending_payment', '2026-07-16 04:24:32', '2026-07-16 04:24:32');
INSERT INTO `booking_details` (`booking_detail_id`, `booking_userid`, `booking_propid`, `full_name`, `email`, `phone`, `checkin_date`, `checkout_date`, `guests`, `special_requests`, `terms_agreed`, `nights`, `subtotal`, `cleaning_fee`, `service_fee`, `total_amount`, `booking_status`, `created_at`, `updated_at`) VALUES (43, 9, 11, 'Joy Emmanuel', 'joy@yahoo.com', '+2349011114448', '2026-07-22', '2026-07-23', 2, '', 1, 1, '10000.00', '0.00', '5000.00', '15000.00', 'paid', '2026-07-16 04:29:23', '2026-07-16 04:44:17');
INSERT INTO `booking_details` (`booking_detail_id`, `booking_userid`, `booking_propid`, `full_name`, `email`, `phone`, `checkin_date`, `checkout_date`, `guests`, `special_requests`, `terms_agreed`, `nights`, `subtotal`, `cleaning_fee`, `service_fee`, `total_amount`, `booking_status`, `created_at`, `updated_at`) VALUES (44, NULL, 9, 'Babatunde Salako', 'babs@gmail.com', '+234812222222', '2026-07-22', '2026-07-24', 2, '', 1, 2, '40000.00', '0.00', '5000.00', '45000.00', 'paid', '2026-07-16 04:46:15', '2026-07-16 04:46:32');

-- Dumping data for table booking_payments
TRUNCATE TABLE `booking_payments`;
INSERT INTO `booking_payments` (`payment_id`, `booking_amount`, `booking_payment_date`, `booking_payment_status`, `booking_userid`, `booking_bookingid`, `advert_payment_reference`) VALUES (1, '1205000.00', '2026-07-05 14:41:01', 'pending', 8, 2, 'BK-2-006e4118ee8a4ca7');
INSERT INTO `booking_payments` (`payment_id`, `booking_amount`, `booking_payment_date`, `booking_payment_status`, `booking_userid`, `booking_bookingid`, `advert_payment_reference`) VALUES (2, '1205000.00', '2026-07-05 14:43:41', 'pending', 8, 2, 'BK-2-c3a8a1df6f6a78c0');
INSERT INTO `booking_payments` (`payment_id`, `booking_amount`, `booking_payment_date`, `booking_payment_status`, `booking_userid`, `booking_bookingid`, `advert_payment_reference`) VALUES (3, '1205000.00', '2026-07-05 15:00:54', 'pending', 8, 2, 'BK-2-3b65cff16a023dc8');
INSERT INTO `booking_payments` (`payment_id`, `booking_amount`, `booking_payment_date`, `booking_payment_status`, `booking_userid`, `booking_bookingid`, `advert_payment_reference`) VALUES (4, '1205000.00', '2026-07-05 15:06:44', 'pending', 8, 2, 'BK-2-abc9f3cbbead5415');
INSERT INTO `booking_payments` (`payment_id`, `booking_amount`, `booking_payment_date`, `booking_payment_status`, `booking_userid`, `booking_bookingid`, `advert_payment_reference`) VALUES (5, '1205000.00', '2026-07-05 15:17:36', 'pending', 8, 2, 'BK-2-653f39c17a8e5943');
INSERT INTO `booking_payments` (`payment_id`, `booking_amount`, `booking_payment_date`, `booking_payment_status`, `booking_userid`, `booking_bookingid`, `advert_payment_reference`) VALUES (6, '1205000.00', '2026-07-05 15:17:47', 'pending', 8, 2, 'BK-2-dde6ad4530cc5afd');
INSERT INTO `booking_payments` (`payment_id`, `booking_amount`, `booking_payment_date`, `booking_payment_status`, `booking_userid`, `booking_bookingid`, `advert_payment_reference`) VALUES (7, '1205000.00', '2026-07-05 15:26:53', 'pending', 8, 2, 'BK-2-5aa9ae123a079416');
INSERT INTO `booking_payments` (`payment_id`, `booking_amount`, `booking_payment_date`, `booking_payment_status`, `booking_userid`, `booking_bookingid`, `advert_payment_reference`) VALUES (8, '2405000.00', '2026-07-05 15:53:00', 'pending', 8, 2, 'BK-2-025de31aa49bbe53');
INSERT INTO `booking_payments` (`payment_id`, `booking_amount`, `booking_payment_date`, `booking_payment_status`, `booking_userid`, `booking_bookingid`, `advert_payment_reference`) VALUES (9, '2405000.00', '2026-07-05 15:53:59', 'pending', 8, 2, 'BK-2-e8d299a767ccd1ba');
INSERT INTO `booking_payments` (`payment_id`, `booking_amount`, `booking_payment_date`, `booking_payment_status`, `booking_userid`, `booking_bookingid`, `advert_payment_reference`) VALUES (10, '1205000.00', '2026-07-05 21:17:52', 'pending', 8, 2, 'BK-2-1fef833b817e38d2');
INSERT INTO `booking_payments` (`payment_id`, `booking_amount`, `booking_payment_date`, `booking_payment_status`, `booking_userid`, `booking_bookingid`, `advert_payment_reference`) VALUES (11, '5010.00', '2026-07-05 21:57:15', 'pending', 8, 3, 'BK-3-ba7cb9e662ac40d6');
INSERT INTO `booking_payments` (`payment_id`, `booking_amount`, `booking_payment_date`, `booking_payment_status`, `booking_userid`, `booking_bookingid`, `advert_payment_reference`) VALUES (12, '5010.00', '2026-07-05 22:05:55', 'pending', 8, 3, 'BK-3-70681e262aca6cda');
INSERT INTO `booking_payments` (`payment_id`, `booking_amount`, `booking_payment_date`, `booking_payment_status`, `booking_userid`, `booking_bookingid`, `advert_payment_reference`) VALUES (13, '5010.00', '2026-07-05 22:22:53', 'paid', 8, 3, 'BK-3-ed14e274d564cb52');
INSERT INTO `booking_payments` (`payment_id`, `booking_amount`, `booking_payment_date`, `booking_payment_status`, `booking_userid`, `booking_bookingid`, `advert_payment_reference`) VALUES (14, '5010.00', '2026-07-05 22:32:48', 'paid', 8, 4, 'BK-4-31e0293b4fc098a6');
INSERT INTO `booking_payments` (`payment_id`, `booking_amount`, `booking_payment_date`, `booking_payment_status`, `booking_userid`, `booking_bookingid`, `advert_payment_reference`) VALUES (15, '5010.00', '2026-07-05 22:33:48', 'paid', 8, 5, 'BK-5-dbd52c45675fd447');
INSERT INTO `booking_payments` (`payment_id`, `booking_amount`, `booking_payment_date`, `booking_payment_status`, `booking_userid`, `booking_bookingid`, `advert_payment_reference`) VALUES (16, '5010.00', '2026-07-05 22:44:57', 'pending', 8, 6, 'BK-6-53ca3ad51b4d2c83');
INSERT INTO `booking_payments` (`payment_id`, `booking_amount`, `booking_payment_date`, `booking_payment_status`, `booking_userid`, `booking_bookingid`, `advert_payment_reference`) VALUES (17, '5010.00', '2026-07-05 22:46:25', 'pending', 8, 7, 'BK-7-f34b966ec04c0e94');
INSERT INTO `booking_payments` (`payment_id`, `booking_amount`, `booking_payment_date`, `booking_payment_status`, `booking_userid`, `booking_bookingid`, `advert_payment_reference`) VALUES (18, '5010.00', '2026-07-05 22:52:55', 'paid', 8, 7, 'BK-7-942aa64d0ba984bc');
INSERT INTO `booking_payments` (`payment_id`, `booking_amount`, `booking_payment_date`, `booking_payment_status`, `booking_userid`, `booking_bookingid`, `advert_payment_reference`) VALUES (19, '5010.00', '2026-07-06 10:15:24', 'paid', 8, 8, 'BK-8-b09eff42e3551af6');
INSERT INTO `booking_payments` (`payment_id`, `booking_amount`, `booking_payment_date`, `booking_payment_status`, `booking_userid`, `booking_bookingid`, `advert_payment_reference`) VALUES (20, '25000.00', '2026-07-06 10:31:57', 'paid', 8, 9, 'BK-9-0f3abff95d973770');
INSERT INTO `booking_payments` (`payment_id`, `booking_amount`, `booking_payment_date`, `booking_payment_status`, `booking_userid`, `booking_bookingid`, `advert_payment_reference`) VALUES (21, '20000.00', '2026-07-06 10:56:44', 'paid', 8, 10, 'BK-10-06fdfb5fb0ddd7ec');
INSERT INTO `booking_payments` (`payment_id`, `booking_amount`, `booking_payment_date`, `booking_payment_status`, `booking_userid`, `booking_bookingid`, `advert_payment_reference`) VALUES (22, '20000.00', '2026-07-06 20:19:52', 'pending', 8, 11, 'BK-11-bde610abefc12bf4');
INSERT INTO `booking_payments` (`payment_id`, `booking_amount`, `booking_payment_date`, `booking_payment_status`, `booking_userid`, `booking_bookingid`, `advert_payment_reference`) VALUES (23, '6200.00', '2026-07-06 22:23:07', 'paid', 8, 13, 'BK-13-fbb0ad8591c3ba86');
INSERT INTO `booking_payments` (`payment_id`, `booking_amount`, `booking_payment_date`, `booking_payment_status`, `booking_userid`, `booking_bookingid`, `advert_payment_reference`) VALUES (24, '5010.00', '2026-07-08 20:31:35', 'paid', 7, 15, 'BK-15-e982b0195eb40727');
INSERT INTO `booking_payments` (`payment_id`, `booking_amount`, `booking_payment_date`, `booking_payment_status`, `booking_userid`, `booking_bookingid`, `advert_payment_reference`) VALUES (25, '5010.00', '2026-07-08 20:46:49', 'paid', 8, 17, 'BK-17-5dfa36021de5a222');
INSERT INTO `booking_payments` (`payment_id`, `booking_amount`, `booking_payment_date`, `booking_payment_status`, `booking_userid`, `booking_bookingid`, `advert_payment_reference`) VALUES (26, '35000.00', '2026-07-09 14:04:35', 'paid', 9, 20, 'BK-20-926b2f595ae42f11');
INSERT INTO `booking_payments` (`payment_id`, `booking_amount`, `booking_payment_date`, `booking_payment_status`, `booking_userid`, `booking_bookingid`, `advert_payment_reference`) VALUES (27, '5010.00', '2026-07-10 10:17:33', 'paid', 8, 21, 'BK-21-1112bc33f28b355d');
INSERT INTO `booking_payments` (`payment_id`, `booking_amount`, `booking_payment_date`, `booking_payment_status`, `booking_userid`, `booking_bookingid`, `advert_payment_reference`) VALUES (28, '5010.00', '2026-07-10 10:40:43', 'paid', 8, 22, 'BK-22-3d63154d356077a1');
INSERT INTO `booking_payments` (`payment_id`, `booking_amount`, `booking_payment_date`, `booking_payment_status`, `booking_userid`, `booking_bookingid`, `advert_payment_reference`) VALUES (29, '20000.00', '2026-07-12 11:58:23', 'pending', NULL, 24, 'BK-24-c033d4fe7b3c6f7a');
INSERT INTO `booking_payments` (`payment_id`, `booking_amount`, `booking_payment_date`, `booking_payment_status`, `booking_userid`, `booking_bookingid`, `advert_payment_reference`) VALUES (30, '7400.00', '2026-07-12 19:48:05', 'paid', NULL, 25, 'BK-25-d665a2011d51bbcb');
INSERT INTO `booking_payments` (`payment_id`, `booking_amount`, `booking_payment_date`, `booking_payment_status`, `booking_userid`, `booking_bookingid`, `advert_payment_reference`) VALUES (31, '7400.00', '2026-07-13 10:47:28', 'paid', NULL, 26, 'BK-26-ae12be5d053684e3');
INSERT INTO `booking_payments` (`payment_id`, `booking_amount`, `booking_payment_date`, `booking_payment_status`, `booking_userid`, `booking_bookingid`, `advert_payment_reference`) VALUES (32, '7400.00', '2026-07-13 11:06:47', 'paid', NULL, 27, 'BK-27-e9ccb71b515bc38c');
INSERT INTO `booking_payments` (`payment_id`, `booking_amount`, `booking_payment_date`, `booking_payment_status`, `booking_userid`, `booking_bookingid`, `advert_payment_reference`) VALUES (33, '15000.00', '2026-07-13 12:56:59', 'paid', NULL, 28, 'BK-28-4bba3de3884d340a');
INSERT INTO `booking_payments` (`payment_id`, `booking_amount`, `booking_payment_date`, `booking_payment_status`, `booking_userid`, `booking_bookingid`, `advert_payment_reference`) VALUES (34, '5020.00', '2026-07-13 12:58:40', 'paid', 7, 29, 'BK-29-4149a137db8d0b72');
INSERT INTO `booking_payments` (`payment_id`, `booking_amount`, `booking_payment_date`, `booking_payment_status`, `booking_userid`, `booking_bookingid`, `advert_payment_reference`) VALUES (35, '5030.00', '2026-07-14 09:02:02', 'paid', 9, 31, 'BK-31-0b089601e7982e4d');
INSERT INTO `booking_payments` (`payment_id`, `booking_amount`, `booking_payment_date`, `booking_payment_status`, `booking_userid`, `booking_bookingid`, `advert_payment_reference`) VALUES (36, '5030.00', '2026-07-14 09:09:54', 'paid', 9, 32, 'BK-32-fec9f904beddbb7d');
INSERT INTO `booking_payments` (`payment_id`, `booking_amount`, `booking_payment_date`, `booking_payment_status`, `booking_userid`, `booking_bookingid`, `advert_payment_reference`) VALUES (37, '5030.00', '2026-07-14 09:45:22', 'paid', 9, 33, 'BK-33-36abecb1425917e9');
INSERT INTO `booking_payments` (`payment_id`, `booking_amount`, `booking_payment_date`, `booking_payment_status`, `booking_userid`, `booking_bookingid`, `advert_payment_reference`) VALUES (38, '5030.00', '2026-07-14 09:48:07', 'paid', 9, 34, 'BK-34-11465981d74f0bb1');
INSERT INTO `booking_payments` (`payment_id`, `booking_amount`, `booking_payment_date`, `booking_payment_status`, `booking_userid`, `booking_bookingid`, `advert_payment_reference`) VALUES (39, '5010.00', '2026-07-14 11:33:52', 'paid', 9, 38, 'BK-38-f5d423a4a9c64921');
INSERT INTO `booking_payments` (`payment_id`, `booking_amount`, `booking_payment_date`, `booking_payment_status`, `booking_userid`, `booking_bookingid`, `advert_payment_reference`) VALUES (40, '15000.00', '2026-07-16 04:44:03', 'paid', 9, 43, 'BK-43-f72eb9fcf15588f3');
INSERT INTO `booking_payments` (`payment_id`, `booking_amount`, `booking_payment_date`, `booking_payment_status`, `booking_userid`, `booking_bookingid`, `advert_payment_reference`) VALUES (41, '45000.00', '2026-07-16 04:46:22', 'paid', NULL, 44, 'BK-44-bb3915295f4d70f9');

-- Dumping data for table bookings
TRUNCATE TABLE `bookings`;
-- Table bookings is empty

-- Dumping data for table notifications
TRUNCATE TABLE `notifications`;
INSERT INTO `notifications` (`notification_id`, `recipient_user_id`, `notification_title`, `notification_message`, `notification_type`, `notification_icon`, `notification_read_at`, `notification_timecreated`, `notification_timeupdated`, `notification_reference_type`, `notification_reference_id`, `notification_is_read`) VALUES (1, 8, 'Payment Successful', 'Your payment for Luxury 2 Bed Apartment was successful. Your booking has been confirmed.', 'payment_success', 'circle-check', NULL, '2026-07-10 10:40:07', '2026-07-10 10:40:07', NULL, NULL, 0);
INSERT INTO `notifications` (`notification_id`, `recipient_user_id`, `notification_title`, `notification_message`, `notification_type`, `notification_icon`, `notification_read_at`, `notification_timecreated`, `notification_timeupdated`, `notification_reference_type`, `notification_reference_id`, `notification_is_read`) VALUES (2, 8, 'New Paid Booking', 'John Adeyinka has successfully booked your property Luxury 2 Bed Apartment.', 'host_new_booking', 'house', '2026-07-12 09:38:13', '2026-07-10 10:40:07', '2026-07-12 09:38:13', NULL, NULL, 1);
INSERT INTO `notifications` (`notification_id`, `recipient_user_id`, `notification_title`, `notification_message`, `notification_type`, `notification_icon`, `notification_read_at`, `notification_timecreated`, `notification_timeupdated`, `notification_reference_type`, `notification_reference_id`, `notification_is_read`) VALUES (3, 8, 'Payment Successful', 'Your payment for Luxury 2 Bed Apartment was successful. Your booking has been confirmed.', 'payment_success', 'circle-check', '2026-07-12 07:10:10', '2026-07-10 10:40:53', '2026-07-12 07:10:10', NULL, NULL, 1);
INSERT INTO `notifications` (`notification_id`, `recipient_user_id`, `notification_title`, `notification_message`, `notification_type`, `notification_icon`, `notification_read_at`, `notification_timecreated`, `notification_timeupdated`, `notification_reference_type`, `notification_reference_id`, `notification_is_read`) VALUES (4, 8, 'New Paid Booking', 'John Adeyinka has successfully booked your property Luxury 2 Bed Apartment.', 'host_new_booking', 'house', '2026-07-12 06:31:50', '2026-07-10 10:40:53', '2026-07-12 06:31:50', NULL, NULL, 1);
INSERT INTO `notifications` (`notification_id`, `recipient_user_id`, `notification_title`, `notification_message`, `notification_type`, `notification_icon`, `notification_read_at`, `notification_timecreated`, `notification_timeupdated`, `notification_reference_type`, `notification_reference_id`, `notification_is_read`) VALUES (5, 1, 'New Paid Booking', 'Emeka Eke has successfully booked your property Luxury Duplex.', 'host_new_booking', 'house', NULL, '2026-07-13 12:57:11', '2026-07-13 12:57:11', 'booking', 28, 0);
INSERT INTO `notifications` (`notification_id`, `recipient_user_id`, `notification_title`, `notification_message`, `notification_type`, `notification_icon`, `notification_read_at`, `notification_timecreated`, `notification_timeupdated`, `notification_reference_type`, `notification_reference_id`, `notification_is_read`) VALUES (6, 7, 'Payment Successful', 'Your payment for Luxury 2 Bed Apartment was successful. Your booking has been confirmed.', 'payment_success', 'circle-check', '2026-07-13 12:59:44', '2026-07-13 12:58:49', '2026-07-13 12:59:44', 'booking', 29, 1);
INSERT INTO `notifications` (`notification_id`, `recipient_user_id`, `notification_title`, `notification_message`, `notification_type`, `notification_icon`, `notification_read_at`, `notification_timecreated`, `notification_timeupdated`, `notification_reference_type`, `notification_reference_id`, `notification_is_read`) VALUES (7, 8, 'New Paid Booking', 'Vicky Jones has successfully booked your property Luxury 2 Bed Apartment.', 'host_new_booking', 'house', NULL, '2026-07-13 12:58:49', '2026-07-13 12:58:49', 'booking', 29, 0);
INSERT INTO `notifications` (`notification_id`, `recipient_user_id`, `notification_title`, `notification_message`, `notification_type`, `notification_icon`, `notification_read_at`, `notification_timecreated`, `notification_timeupdated`, `notification_reference_type`, `notification_reference_id`, `notification_is_read`) VALUES (8, 9, 'Payment Successful', 'Your payment for Beautiful and Cozy Apartment was successful. Your booking has been confirmed.', 'payment_success', 'circle-check', NULL, '2026-07-16 04:44:17', '2026-07-16 04:44:17', 'booking', 43, 0);
INSERT INTO `notifications` (`notification_id`, `recipient_user_id`, `notification_title`, `notification_message`, `notification_type`, `notification_icon`, `notification_read_at`, `notification_timecreated`, `notification_timeupdated`, `notification_reference_type`, `notification_reference_id`, `notification_is_read`) VALUES (9, 1, 'New Paid Booking', 'Joy Emmanuel has successfully booked your property Beautiful and Cozy Apartment.', 'host_new_booking', 'house', NULL, '2026-07-16 04:44:17', '2026-07-16 04:44:17', 'booking', 43, 0);
INSERT INTO `notifications` (`notification_id`, `recipient_user_id`, `notification_title`, `notification_message`, `notification_type`, `notification_icon`, `notification_read_at`, `notification_timecreated`, `notification_timeupdated`, `notification_reference_type`, `notification_reference_id`, `notification_is_read`) VALUES (10, 8, 'New Paid Booking', 'Babatunde Salako has successfully booked your property Luxury Apartment.', 'host_new_booking', 'house', NULL, '2026-07-16 04:46:32', '2026-07-16 04:46:32', 'booking', 44, 0);

-- Dumping data for table properties
TRUNCATE TABLE `properties`;
INSERT INTO `properties` (`prop_id`, `prop_userid`, `prop_description`, `price_per_night`, `max_guest`, `bedrooms`, `bathrooms`, `is_verified`, `prop_availability_status`, `prop_mainimage_url`, `prop_typeid`, `prop_stateid`, `prop_lgaid`, `prop_title`, `prop_address`, `prop_city`, `prop_category`) VALUES (5, 1, 'This is a beautifull home away from home......', '1200.00', 4, 5, 3, 1, 'available', NULL, 1, 25, 513, 'Luxury Apartment', 'Ikoyi, Lagos', NULL, 'Shortlet');
INSERT INTO `properties` (`prop_id`, `prop_userid`, `prop_description`, `price_per_night`, `max_guest`, `bedrooms`, `bathrooms`, `is_verified`, `prop_availability_status`, `prop_mainimage_url`, `prop_typeid`, `prop_stateid`, `prop_lgaid`, `prop_title`, `prop_address`, `prop_city`, `prop_category`) VALUES (6, 1, 'This is one of the best luxurious home, that speak home away from home....!!!', '270000.00', 2, 1, 2, 1, 'available', NULL, 7, 25, 514, 'Beach Resort', 'Wine birds road, Eleko', NULL, 'Vacation Rental');
INSERT INTO `properties` (`prop_id`, `prop_userid`, `prop_description`, `price_per_night`, `max_guest`, `bedrooms`, `bathrooms`, `is_verified`, `prop_availability_status`, `prop_mainimage_url`, `prop_typeid`, `prop_stateid`, `prop_lgaid`, `prop_title`, `prop_address`, `prop_city`, `prop_category`) VALUES (7, 8, 'Escape to Twerk Resort & Vacation Place, where comfort, relaxation, and unforgettable experiences converge. Whether you\'re planning a romantic getaway, a family vacation, a business retreat, or a weekend escape, our resort offers the ideal destination to unwind and create lasting memories.', '200000.00', 4, 2, 2, 1, 'available', '95440bfddf8944139fc04de5bc165bb7.jpg', 7, 9, 182, 'Twerk Beach Resort', 'Twerk Crescent, Obudu', 'Obudu', 'Apartment');
INSERT INTO `properties` (`prop_id`, `prop_userid`, `prop_description`, `price_per_night`, `max_guest`, `bedrooms`, `bathrooms`, `is_verified`, `prop_availability_status`, `prop_mainimage_url`, `prop_typeid`, `prop_stateid`, `prop_lgaid`, `prop_title`, `prop_address`, `prop_city`, `prop_category`) VALUES (8, 8, 'Experience comfort, style, and convenience in this beautifully furnished 2-bedroom apartment located in the heart of Lekki. Designed for both short and extended stays, the apartment offers a relaxing atmosphere perfect for business travelers, couples, families, and vacationers.', '10.00', 4, 2, 2, 1, 'available', '36e880a48719427cbb441a0e8ee93004.jpg', 2, 25, 513, 'Luxury 2 Bed Apartment', '34, Admiraty way, Lekki Phase 1', 'Lagos', 'Apartment');
INSERT INTO `properties` (`prop_id`, `prop_userid`, `prop_description`, `price_per_night`, `max_guest`, `bedrooms`, `bathrooms`, `is_verified`, `prop_availability_status`, `prop_mainimage_url`, `prop_typeid`, `prop_stateid`, `prop_lgaid`, `prop_title`, `prop_address`, `prop_city`, `prop_category`) VALUES (9, 8, 'Guests can enjoy premium amenities, including 24-hour electricity, air conditioning, secure parking, CCTV surveillance, professional housekeeping, and round-the-clock security for a safe and comfortable stay.', '20000.00', 4, 2, 3, 1, 'available', '801f49bc7b4d4e988ea6b1efe02e4b33.jpg', 9, 15, 279, 'Luxury Apartment', '209, Abayomi Crescent, Kuje', 'Abuja', 'Apartment');
INSERT INTO `properties` (`prop_id`, `prop_userid`, `prop_description`, `price_per_night`, `max_guest`, `bedrooms`, `bathrooms`, `is_verified`, `prop_availability_status`, `prop_mainimage_url`, `prop_typeid`, `prop_stateid`, `prop_lgaid`, `prop_title`, `prop_address`, `prop_city`, `prop_category`) VALUES (10, 1, 'This is one of the best luxury resort on an island in the heart of africa', '15000.00', 2, 2, 3, 1, 'available', NULL, 15, 25, 513, 'Luxury Resort', 'Babara close, Ikoyi, Lagos', 'Lagos', 'Shortlet');
INSERT INTO `properties` (`prop_id`, `prop_userid`, `prop_description`, `price_per_night`, `max_guest`, `bedrooms`, `bathrooms`, `is_verified`, `prop_availability_status`, `prop_mainimage_url`, `prop_typeid`, `prop_stateid`, `prop_lgaid`, `prop_title`, `prop_address`, `prop_city`, `prop_category`) VALUES (11, 1, 'A shortlet apartment is a fully furnished, self-contained living space rented for flexible, short durations ranging from days to a few months. It provides the comfort and privacy of a home with amenities like 24/7 power, security, and housekeeping, making it popular among travelers and relocating families.', '10000.00', 4, 2, 1, 1, 'available', NULL, 10, 15, 278, 'Beautiful and Cozy Apartment', '199, Apple Court, Gwagwalada', 'Abuja', 'Shortlet');
INSERT INTO `properties` (`prop_id`, `prop_userid`, `prop_description`, `price_per_night`, `max_guest`, `bedrooms`, `bathrooms`, `is_verified`, `prop_availability_status`, `prop_mainimage_url`, `prop_typeid`, `prop_stateid`, `prop_lgaid`, `prop_title`, `prop_address`, `prop_city`, `prop_category`) VALUES (12, 1, 'The is the best Duplex in town, home away from home', '10000.00', 5, 3, 0, 1, 'available', NULL, 11, 15, 279, 'Luxury Duplex', '409, Pineaple crescent, Kuje Abuja', 'Abuja', 'Shortlet');
INSERT INTO `properties` (`prop_id`, `prop_userid`, `prop_description`, `price_per_night`, `max_guest`, `bedrooms`, `bathrooms`, `is_verified`, `prop_availability_status`, `prop_mainimage_url`, `prop_typeid`, `prop_stateid`, `prop_lgaid`, `prop_title`, `prop_address`, `prop_city`, `prop_category`) VALUES (13, 1, 'Designed as a restorative counterpoint to the fast pace of urban life, this residence is a sanctuary of raw textures, natural light, and organic elegance. Inspired by the principles of biophilic design, the home utilizes a rich, tactile palette of wire-brushed oak, textured plaster, and honed travertine to establish a seamless connection with the natural world.

The heart of the home is an expansive open-plan living space where sliding glass pocket doors disappear entirely, merging the interior with a vast, private wrap-around terrace. Here, lush botanical landscaping, a custom cedar hot tub, and a stone outdoor kitchen create a private backyard in the sky. Back inside, the kitchen is anchored by a massive block of raw-edge travertine, turning food preparation into a communal, grounding ritual.', '15000.00', 4, 3, 2, 1, 'available', NULL, 2, 25, 513, 'Luxury Apartment', 'Ademola Adetokunbo, Victoria Island', 'Lagos', 'Shortlet');

-- Dumping data for table properties_images
TRUNCATE TABLE `properties_images`;
INSERT INTO `properties_images` (`propimg_id`, `img_propid`, `image_url`, `is_featured`, `uploaded_at`) VALUES (1, 5, '7cd96f0167de40bd9a6245e792ef396c.jpg', 1, '2026-06-28 22:02:41');
INSERT INTO `properties_images` (`propimg_id`, `img_propid`, `image_url`, `is_featured`, `uploaded_at`) VALUES (2, 5, 'e24a7d7fa3334862a6ebd9ae487a3a63.jpg', 0, '2026-06-28 22:02:41');
INSERT INTO `properties_images` (`propimg_id`, `img_propid`, `image_url`, `is_featured`, `uploaded_at`) VALUES (3, 5, '52093d1d08d14f7997aee2ffad421818.jpg', 0, '2026-06-28 22:02:41');
INSERT INTO `properties_images` (`propimg_id`, `img_propid`, `image_url`, `is_featured`, `uploaded_at`) VALUES (4, 5, 'e1f90543808c417da6612c82ba2b594f.jpg', 0, '2026-06-28 22:02:41');
INSERT INTO `properties_images` (`propimg_id`, `img_propid`, `image_url`, `is_featured`, `uploaded_at`) VALUES (5, 5, 'dd5709184c4746cabf30955d879d5fd9.jpg', 0, '2026-06-28 22:02:41');
INSERT INTO `properties_images` (`propimg_id`, `img_propid`, `image_url`, `is_featured`, `uploaded_at`) VALUES (6, 6, 'f11e1c82cfd743a688f5361e356f7dd6.jpg', 1, '2026-07-01 19:27:41');
INSERT INTO `properties_images` (`propimg_id`, `img_propid`, `image_url`, `is_featured`, `uploaded_at`) VALUES (7, 6, '831f7e0314bd4452b87657e1704f69ca.jpg', 0, '2026-07-01 19:27:41');
INSERT INTO `properties_images` (`propimg_id`, `img_propid`, `image_url`, `is_featured`, `uploaded_at`) VALUES (8, 6, '3fe9d73595f34e41a335fb9e97b110be.jpg', 0, '2026-07-01 19:27:41');
INSERT INTO `properties_images` (`propimg_id`, `img_propid`, `image_url`, `is_featured`, `uploaded_at`) VALUES (9, 6, '87b6e2231b0d4f16b46cc4419ab7980a.jpg', 0, '2026-07-01 19:27:41');
INSERT INTO `properties_images` (`propimg_id`, `img_propid`, `image_url`, `is_featured`, `uploaded_at`) VALUES (10, 6, '5df80d21d17f4c408bab865aab38dfe8.jpg', 0, '2026-07-01 19:27:41');
INSERT INTO `properties_images` (`propimg_id`, `img_propid`, `image_url`, `is_featured`, `uploaded_at`) VALUES (11, 6, '781bb9b2e31f40a7b607b386f2e929bb.jpg', 0, '2026-07-01 19:27:41');
INSERT INTO `properties_images` (`propimg_id`, `img_propid`, `image_url`, `is_featured`, `uploaded_at`) VALUES (12, 6, '1946f1901f8a494aa00e76f879fc699f.jpg', 0, '2026-07-01 19:27:41');
INSERT INTO `properties_images` (`propimg_id`, `img_propid`, `image_url`, `is_featured`, `uploaded_at`) VALUES (13, 6, 'd3f5590fd59e41c68c3cc637b19125c1.jpg', 0, '2026-07-01 19:27:41');
INSERT INTO `properties_images` (`propimg_id`, `img_propid`, `image_url`, `is_featured`, `uploaded_at`) VALUES (14, 7, '95440bfddf8944139fc04de5bc165bb7.jpg', 1, '2026-07-04 19:51:49');
INSERT INTO `properties_images` (`propimg_id`, `img_propid`, `image_url`, `is_featured`, `uploaded_at`) VALUES (15, 7, 'ba7236b1e56c41c1bb85189a9131356b.jpg', 0, '2026-07-04 19:51:49');
INSERT INTO `properties_images` (`propimg_id`, `img_propid`, `image_url`, `is_featured`, `uploaded_at`) VALUES (16, 7, 'a40565aceb554a059e6e6c641de9778c.jpg', 0, '2026-07-04 19:51:49');
INSERT INTO `properties_images` (`propimg_id`, `img_propid`, `image_url`, `is_featured`, `uploaded_at`) VALUES (17, 7, '3c78dcd8cba24712b32f7f9a226f6bd6.jpg', 0, '2026-07-04 19:51:49');
INSERT INTO `properties_images` (`propimg_id`, `img_propid`, `image_url`, `is_featured`, `uploaded_at`) VALUES (18, 7, '93d914115f7b4fafb2d3d79f58261799.jpg', 0, '2026-07-04 19:51:49');
INSERT INTO `properties_images` (`propimg_id`, `img_propid`, `image_url`, `is_featured`, `uploaded_at`) VALUES (19, 7, '5c1db74592e74d9f84f327995a49ee7b.jpg', 0, '2026-07-04 19:51:49');
INSERT INTO `properties_images` (`propimg_id`, `img_propid`, `image_url`, `is_featured`, `uploaded_at`) VALUES (20, 8, '36e880a48719427cbb441a0e8ee93004.jpg', 1, '2026-07-05 21:54:18');
INSERT INTO `properties_images` (`propimg_id`, `img_propid`, `image_url`, `is_featured`, `uploaded_at`) VALUES (21, 8, 'dfbbb3348c1e4a1fa74dce0b16840e31.jpg', 0, '2026-07-05 21:54:18');
INSERT INTO `properties_images` (`propimg_id`, `img_propid`, `image_url`, `is_featured`, `uploaded_at`) VALUES (22, 8, '7d882ad8d6c840a3b606f6726adab3df.jpg', 0, '2026-07-05 21:54:18');
INSERT INTO `properties_images` (`propimg_id`, `img_propid`, `image_url`, `is_featured`, `uploaded_at`) VALUES (23, 8, 'fdead9b3ec1a4cb1b38835ce8f19e53f.jpg', 0, '2026-07-05 21:54:18');
INSERT INTO `properties_images` (`propimg_id`, `img_propid`, `image_url`, `is_featured`, `uploaded_at`) VALUES (24, 8, 'ca645cebfdde4f6fa90cd400a944cf08.jpg', 0, '2026-07-05 21:54:18');
INSERT INTO `properties_images` (`propimg_id`, `img_propid`, `image_url`, `is_featured`, `uploaded_at`) VALUES (25, 9, '801f49bc7b4d4e988ea6b1efe02e4b33.jpg', 1, '2026-07-06 10:01:18');
INSERT INTO `properties_images` (`propimg_id`, `img_propid`, `image_url`, `is_featured`, `uploaded_at`) VALUES (26, 9, '7aed4ce7f898431abfae0abac582eab1.jpg', 0, '2026-07-06 10:01:18');
INSERT INTO `properties_images` (`propimg_id`, `img_propid`, `image_url`, `is_featured`, `uploaded_at`) VALUES (27, 9, 'd482c0048b404f7686137656cdac507d.jpg', 0, '2026-07-06 10:01:18');
INSERT INTO `properties_images` (`propimg_id`, `img_propid`, `image_url`, `is_featured`, `uploaded_at`) VALUES (28, 9, '7c6c9ad7610f4eaeb8c0c23ffdf72859.jpg', 0, '2026-07-06 10:01:18');
INSERT INTO `properties_images` (`propimg_id`, `img_propid`, `image_url`, `is_featured`, `uploaded_at`) VALUES (29, 9, '40b1adbb0d4f4acd987002b18f2fa3ec.jpg', 0, '2026-07-06 10:01:18');
INSERT INTO `properties_images` (`propimg_id`, `img_propid`, `image_url`, `is_featured`, `uploaded_at`) VALUES (30, 9, '927e285ccbf64c53ab77f19adb20c621.jpg', 0, '2026-07-06 10:01:18');
INSERT INTO `properties_images` (`propimg_id`, `img_propid`, `image_url`, `is_featured`, `uploaded_at`) VALUES (31, 9, 'b55090faed374bf59d60216571eca90f.jpg', 0, '2026-07-06 10:01:18');
INSERT INTO `properties_images` (`propimg_id`, `img_propid`, `image_url`, `is_featured`, `uploaded_at`) VALUES (32, 10, 'd71b29e0de01439487c65bae0d83e4df.jpg', 1, '2026-07-06 10:54:04');
INSERT INTO `properties_images` (`propimg_id`, `img_propid`, `image_url`, `is_featured`, `uploaded_at`) VALUES (33, 10, '6afd6f1e856646d09cea231d8abb5c37.jpg', 0, '2026-07-06 10:54:04');
INSERT INTO `properties_images` (`propimg_id`, `img_propid`, `image_url`, `is_featured`, `uploaded_at`) VALUES (34, 10, '484c3052e2f34635865d134b04ced6cb.jpg', 0, '2026-07-06 10:54:04');
INSERT INTO `properties_images` (`propimg_id`, `img_propid`, `image_url`, `is_featured`, `uploaded_at`) VALUES (35, 10, '5b216c033f1f4a82816019396ce30472.jpg', 0, '2026-07-06 10:54:04');
INSERT INTO `properties_images` (`propimg_id`, `img_propid`, `image_url`, `is_featured`, `uploaded_at`) VALUES (36, 10, '60a5da74b02a46c487d1361efcbbc4f8.jpg', 0, '2026-07-06 10:54:04');
INSERT INTO `properties_images` (`propimg_id`, `img_propid`, `image_url`, `is_featured`, `uploaded_at`) VALUES (37, 10, 'ebfcbea2ab274190a48a7be837fee8a6.jpg', 0, '2026-07-06 10:54:04');
INSERT INTO `properties_images` (`propimg_id`, `img_propid`, `image_url`, `is_featured`, `uploaded_at`) VALUES (38, 10, '4534083cdcfd44bab15f3468ac279a99.jpg', 0, '2026-07-06 10:54:04');
INSERT INTO `properties_images` (`propimg_id`, `img_propid`, `image_url`, `is_featured`, `uploaded_at`) VALUES (39, 10, '25247bcf3f174c0db80afad0f5088dfd.jpg', 0, '2026-07-06 10:54:04');
INSERT INTO `properties_images` (`propimg_id`, `img_propid`, `image_url`, `is_featured`, `uploaded_at`) VALUES (40, 11, 'ee94d00ea61a4c5abc5fc0a465387760.jpg', 1, '2026-07-09 08:11:37');
INSERT INTO `properties_images` (`propimg_id`, `img_propid`, `image_url`, `is_featured`, `uploaded_at`) VALUES (41, 11, '54aafc23d6de4ac6a152c579f79c59d0.jpg', 0, '2026-07-09 08:11:37');
INSERT INTO `properties_images` (`propimg_id`, `img_propid`, `image_url`, `is_featured`, `uploaded_at`) VALUES (42, 11, '6d68f49e52044e7d9c6bee75666a49c3.jpg', 0, '2026-07-09 08:11:37');
INSERT INTO `properties_images` (`propimg_id`, `img_propid`, `image_url`, `is_featured`, `uploaded_at`) VALUES (43, 11, '9bbf330199df48da987241729a3de036.jpg', 0, '2026-07-09 08:11:37');
INSERT INTO `properties_images` (`propimg_id`, `img_propid`, `image_url`, `is_featured`, `uploaded_at`) VALUES (44, 11, '5849a382d50144a08f4f23498b804805.jpg', 0, '2026-07-09 08:11:37');
INSERT INTO `properties_images` (`propimg_id`, `img_propid`, `image_url`, `is_featured`, `uploaded_at`) VALUES (45, 12, '950114aa1bd44a0d801ac9c2f9dfb3d8.jpg', 1, '2026-07-09 13:51:54');
INSERT INTO `properties_images` (`propimg_id`, `img_propid`, `image_url`, `is_featured`, `uploaded_at`) VALUES (46, 12, 'f202e28e2b524576aa559664f8387c4c.jpg', 0, '2026-07-09 13:51:54');
INSERT INTO `properties_images` (`propimg_id`, `img_propid`, `image_url`, `is_featured`, `uploaded_at`) VALUES (47, 12, 'bf2a698abffd4c4a9b07aee21f187ca1.jpg', 0, '2026-07-09 13:51:54');
INSERT INTO `properties_images` (`propimg_id`, `img_propid`, `image_url`, `is_featured`, `uploaded_at`) VALUES (48, 12, 'c04ee7354bf946b8af23e4a32c9cb7a9.jpg', 0, '2026-07-09 13:51:54');
INSERT INTO `properties_images` (`propimg_id`, `img_propid`, `image_url`, `is_featured`, `uploaded_at`) VALUES (49, 12, 'c4cae940544b465f9045e4c22e0360e5.jpg', 0, '2026-07-09 13:51:54');
INSERT INTO `properties_images` (`propimg_id`, `img_propid`, `image_url`, `is_featured`, `uploaded_at`) VALUES (50, 12, '055aa3878d67452896b8548d6096a965.jpg', 0, '2026-07-09 13:51:54');
INSERT INTO `properties_images` (`propimg_id`, `img_propid`, `image_url`, `is_featured`, `uploaded_at`) VALUES (51, 12, '6f2a1228494f4ec9838a21771330d319.jpg', 0, '2026-07-09 13:51:54');
INSERT INTO `properties_images` (`propimg_id`, `img_propid`, `image_url`, `is_featured`, `uploaded_at`) VALUES (52, 12, 'df84c849f22442db921b944c0fe145fa.jpg', 0, '2026-07-09 13:51:54');
INSERT INTO `properties_images` (`propimg_id`, `img_propid`, `image_url`, `is_featured`, `uploaded_at`) VALUES (53, 13, '24a8b26fe9e243cd8711a82c88db45f9.jpg', 1, '2026-07-12 10:51:41');
INSERT INTO `properties_images` (`propimg_id`, `img_propid`, `image_url`, `is_featured`, `uploaded_at`) VALUES (54, 13, '842a47cf900c4f6fbd715beeca0546f3.jpg', 0, '2026-07-12 10:51:41');
INSERT INTO `properties_images` (`propimg_id`, `img_propid`, `image_url`, `is_featured`, `uploaded_at`) VALUES (55, 13, '65f2dc7b00464789994da426668841f6.jpg', 0, '2026-07-12 10:51:41');
INSERT INTO `properties_images` (`propimg_id`, `img_propid`, `image_url`, `is_featured`, `uploaded_at`) VALUES (56, 13, '94a6e275afad4e5aa6891fd6291696f6.jpg', 0, '2026-07-12 10:51:41');
INSERT INTO `properties_images` (`propimg_id`, `img_propid`, `image_url`, `is_featured`, `uploaded_at`) VALUES (57, 13, '1fd24aeb4ef5419b93510213aae8bcb5.jpg', 0, '2026-07-12 10:51:41');
INSERT INTO `properties_images` (`propimg_id`, `img_propid`, `image_url`, `is_featured`, `uploaded_at`) VALUES (58, 13, 'f580301b20454949ac7170be382be89c.jpg', 0, '2026-07-12 10:51:41');
INSERT INTO `properties_images` (`propimg_id`, `img_propid`, `image_url`, `is_featured`, `uploaded_at`) VALUES (59, 13, 'e2bc01420c1d485ba5c41570859b5b1d.jpg', 0, '2026-07-12 10:51:41');

-- Dumping data for table property_amenities
TRUNCATE TABLE `property_amenities`;
INSERT INTO `property_amenities` (`property_amenity_id`, `prop_id`, `amenity_id`) VALUES (1, 10, 5);
INSERT INTO `property_amenities` (`property_amenity_id`, `prop_id`, `amenity_id`) VALUES (2, 10, 4);
INSERT INTO `property_amenities` (`property_amenity_id`, `prop_id`, `amenity_id`) VALUES (3, 10, 3);
INSERT INTO `property_amenities` (`property_amenity_id`, `prop_id`, `amenity_id`) VALUES (4, 10, 2);
INSERT INTO `property_amenities` (`property_amenity_id`, `prop_id`, `amenity_id`) VALUES (5, 10, 1);
INSERT INTO `property_amenities` (`property_amenity_id`, `prop_id`, `amenity_id`) VALUES (6, 11, 5);
INSERT INTO `property_amenities` (`property_amenity_id`, `prop_id`, `amenity_id`) VALUES (7, 11, 2);
INSERT INTO `property_amenities` (`property_amenity_id`, `prop_id`, `amenity_id`) VALUES (8, 11, 4);
INSERT INTO `property_amenities` (`property_amenity_id`, `prop_id`, `amenity_id`) VALUES (9, 11, 7);
INSERT INTO `property_amenities` (`property_amenity_id`, `prop_id`, `amenity_id`) VALUES (10, 11, 3);
INSERT INTO `property_amenities` (`property_amenity_id`, `prop_id`, `amenity_id`) VALUES (11, 12, 5);
INSERT INTO `property_amenities` (`property_amenity_id`, `prop_id`, `amenity_id`) VALUES (12, 12, 2);
INSERT INTO `property_amenities` (`property_amenity_id`, `prop_id`, `amenity_id`) VALUES (13, 12, 4);
INSERT INTO `property_amenities` (`property_amenity_id`, `prop_id`, `amenity_id`) VALUES (14, 12, 7);
INSERT INTO `property_amenities` (`property_amenity_id`, `prop_id`, `amenity_id`) VALUES (15, 12, 3);
INSERT INTO `property_amenities` (`property_amenity_id`, `prop_id`, `amenity_id`) VALUES (16, 12, 1);
INSERT INTO `property_amenities` (`property_amenity_id`, `prop_id`, `amenity_id`) VALUES (17, 13, 5);
INSERT INTO `property_amenities` (`property_amenity_id`, `prop_id`, `amenity_id`) VALUES (18, 13, 2);
INSERT INTO `property_amenities` (`property_amenity_id`, `prop_id`, `amenity_id`) VALUES (19, 13, 4);
INSERT INTO `property_amenities` (`property_amenity_id`, `prop_id`, `amenity_id`) VALUES (20, 13, 7);
INSERT INTO `property_amenities` (`property_amenity_id`, `prop_id`, `amenity_id`) VALUES (21, 13, 3);
INSERT INTO `property_amenities` (`property_amenity_id`, `prop_id`, `amenity_id`) VALUES (22, 13, 1);

-- Dumping data for table property_lgas
TRUNCATE TABLE `property_lgas`;
INSERT INTO `property_lgas` (`lga_id`, `lga_name`, `state_id`) VALUES (1, 'Aba North', 1);
INSERT INTO `property_lgas` (`lga_id`, `lga_name`, `state_id`) VALUES (2, 'Aba South', 1);
INSERT INTO `property_lgas` (`lga_id`, `lga_name`, `state_id`) VALUES (3, 'Arochukwu', 1);
INSERT INTO `property_lgas` (`lga_id`, `lga_name`, `state_id`) VALUES (4, 'Bende', 1);
INSERT INTO `property_lgas` (`lga_id`, `lga_name`, `state_id`) VALUES (5, 'Ikwuano', 1);
INSERT INTO `property_lgas` (`lga_id`, `lga_name`, `state_id`) VALUES (6, 'Isiala Ngwa North', 1);
INSERT INTO `property_lgas` (`lga_id`, `lga_name`, `state_id`) VALUES (7, 'Isiala Ngwa South', 1);
INSERT INTO `property_lgas` (`lga_id`, `lga_name`, `state_id`) VALUES (8, 'Isuikwuato', 1);
INSERT INTO `property_lgas` (`lga_id`, `lga_name`, `state_id`) VALUES (9, 'Obi Ngwa', 1);
INSERT INTO `property_lgas` (`lga_id`, `lga_name`, `state_id`) VALUES (10, 'Ohafia', 1);
INSERT INTO `property_lgas` (`lga_id`, `lga_name`, `state_id`) VALUES (11, 'Osisioma', 1);
INSERT INTO `property_lgas` (`lga_id`, `lga_name`, `state_id`) VALUES (12, 'Ugwunagbo', 1);
INSERT INTO `property_lgas` (`lga_id`, `lga_name`, `state_id`) VALUES (13, 'Ukwa East', 1);
INSERT INTO `property_lgas` (`lga_id`, `lga_name`, `state_id`) VALUES (14, 'Ukwa West', 1);
INSERT INTO `property_lgas` (`lga_id`, `lga_name`, `state_id`) VALUES (15, 'Umuahia North', 1);
INSERT INTO `property_lgas` (`lga_id`, `lga_name`, `state_id`) VALUES (16, 'Umuahia South', 1);
INSERT INTO `property_lgas` (`lga_id`, `lga_name`, `state_id`) VALUES (17, 'Umu Nneochi', 1);
INSERT INTO `property_lgas` (`lga_id`, `lga_name`, `state_id`) VALUES (18, 'Demsa', 2);
INSERT INTO `property_lgas` (`lga_id`, `lga_name`, `state_id`) VALUES (19, 'Fufore', 2);
INSERT INTO `property_lgas` (`lga_id`, `lga_name`, `state_id`) VALUES (20, 'Ganye', 2);
INSERT INTO `property_lgas` (`lga_id`, `lga_name`, `state_id`) VALUES (21, 'Gayuk', 2);
INSERT INTO `property_lgas` (`lga_id`, `lga_name`, `state_id`) VALUES (22, 'Gombi', 2);
INSERT INTO `property_lgas` (`lga_id`, `lga_name`, `state_id`) VALUES (23, 'Grie', 2);
INSERT INTO `property_lgas` (`lga_id`, `lga_name`, `state_id`) VALUES (24, 'Hong', 2);
INSERT INTO `property_lgas` (`lga_id`, `lga_name`, `state_id`) VALUES (25, 'Jada', 2);
INSERT INTO `property_lgas` (`lga_id`, `lga_name`, `state_id`) VALUES (26, 'Lamurde', 2);
INSERT INTO `property_lgas` (`lga_id`, `lga_name`, `state_id`) VALUES (27, 'Madagali', 2);
INSERT INTO `property_lgas` (`lga_id`, `lga_name`, `state_id`) VALUES (28, 'Maiha', 2);
INSERT INTO `property_lgas` (`lga_id`, `lga_name`, `state_id`) VALUES (29, 'Mayo-Belwa', 2);
INSERT INTO `property_lgas` (`lga_id`, `lga_name`, `state_id`) VALUES (30, 'Michika', 2);
INSERT INTO `property_lgas` (`lga_id`, `lga_name`, `state_id`) VALUES (31, 'Mubi North', 2);
INSERT INTO `property_lgas` (`lga_id`, `lga_name`, `state_id`) VALUES (32, 'Mubi South', 2);
INSERT INTO `property_lgas` (`lga_id`, `lga_name`, `state_id`) VALUES (33, 'Numan', 2);
INSERT INTO `property_lgas` (`lga_id`, `lga_name`, `state_id`) VALUES (34, 'Shelleng', 2);
INSERT INTO `property_lgas` (`lga_id`, `lga_name`, `state_id`) VALUES (35, 'Song', 2);
INSERT INTO `property_lgas` (`lga_id`, `lga_name`, `state_id`) VALUES (36, 'Toungo', 2);
INSERT INTO `property_lgas` (`lga_id`, `lga_name`, `state_id`) VALUES (37, 'Yola North', 2);
INSERT INTO `property_lgas` (`lga_id`, `lga_name`, `state_id`) VALUES (38, 'Yola South', 2);
INSERT INTO `property_lgas` (`lga_id`, `lga_name`, `state_id`) VALUES (39, 'Abak', 3);
INSERT INTO `property_lgas` (`lga_id`, `lga_name`, `state_id`) VALUES (40, 'Eastern Obolo', 3);
INSERT INTO `property_lgas` (`lga_id`, `lga_name`, `state_id`) VALUES (41, 'Eket', 3);
INSERT INTO `property_lgas` (`lga_id`, `lga_name`, `state_id`) VALUES (42, 'Esit Eket', 3);
INSERT INTO `property_lgas` (`lga_id`, `lga_name`, `state_id`) VALUES (43, 'Essien Udim', 3);
INSERT INTO `property_lgas` (`lga_id`, `lga_name`, `state_id`) VALUES (44, 'Etim Ekpo', 3);
INSERT INTO `property_lgas` (`lga_id`, `lga_name`, `state_id`) VALUES (45, 'Etinan', 3);
INSERT INTO `property_lgas` (`lga_id`, `lga_name`, `state_id`) VALUES (46, 'Ibeno', 3);
INSERT INTO `property_lgas` (`lga_id`, `lga_name`, `state_id`) VALUES (47, 'Ibesikpo Asutan', 3);
INSERT INTO `property_lgas` (`lga_id`, `lga_name`, `state_id`) VALUES (48, 'Ibiono-Ibom', 3);
INSERT INTO `property_lgas` (`lga_id`, `lga_name`, `state_id`) VALUES (49, 'Ika', 3);
INSERT INTO `property_lgas` (`lga_id`, `lga_name`, `state_id`) VALUES (50, 'Ikono', 3);
INSERT INTO `property_lgas` (`lga_id`, `lga_name`, `state_id`) VALUES (51, 'Ikot Abasi', 3);
INSERT INTO `property_lgas` (`lga_id`, `lga_name`, `state_id`) VALUES (52, 'Ikot Ekpene', 3);
INSERT INTO `property_lgas` (`lga_id`, `lga_name`, `state_id`) VALUES (53, 'Ini', 3);
INSERT INTO `property_lgas` (`lga_id`, `lga_name`, `state_id`) VALUES (54, 'Itu', 3);
INSERT INTO `property_lgas` (`lga_id`, `lga_name`, `state_id`) VALUES (55, 'Mbo', 3);
INSERT INTO `property_lgas` (`lga_id`, `lga_name`, `state_id`) VALUES (56, 'Mkpat-Enin', 3);
INSERT INTO `property_lgas` (`lga_id`, `lga_name`, `state_id`) VALUES (57, 'Nsit-Atai', 3);
INSERT INTO `property_lgas` (`lga_id`, `lga_name`, `state_id`) VALUES (58, 'Nsit-Ibom', 3);
INSERT INTO `property_lgas` (`lga_id`, `lga_name`, `state_id`) VALUES (59, 'Nsit-Ubium', 3);
INSERT INTO `property_lgas` (`lga_id`, `lga_name`, `state_id`) VALUES (60, 'Obot Akara', 3);
INSERT INTO `property_lgas` (`lga_id`, `lga_name`, `state_id`) VALUES (61, 'Okobo', 3);
INSERT INTO `property_lgas` (`lga_id`, `lga_name`, `state_id`) VALUES (62, 'Onna', 3);
INSERT INTO `property_lgas` (`lga_id`, `lga_name`, `state_id`) VALUES (63, 'Oron', 3);
INSERT INTO `property_lgas` (`lga_id`, `lga_name`, `state_id`) VALUES (64, 'Oruk Anam', 3);
INSERT INTO `property_lgas` (`lga_id`, `lga_name`, `state_id`) VALUES (65, 'Udung-Uko', 3);
INSERT INTO `property_lgas` (`lga_id`, `lga_name`, `state_id`) VALUES (66, 'Ukanafun', 3);
INSERT INTO `property_lgas` (`lga_id`, `lga_name`, `state_id`) VALUES (67, 'Uruan', 3);
INSERT INTO `property_lgas` (`lga_id`, `lga_name`, `state_id`) VALUES (68, 'Urue-Offong/Oruko', 3);
INSERT INTO `property_lgas` (`lga_id`, `lga_name`, `state_id`) VALUES (69, 'Uyo', 3);
INSERT INTO `property_lgas` (`lga_id`, `lga_name`, `state_id`) VALUES (70, 'Aguata', 4);
INSERT INTO `property_lgas` (`lga_id`, `lga_name`, `state_id`) VALUES (71, 'Anambra East', 4);
INSERT INTO `property_lgas` (`lga_id`, `lga_name`, `state_id`) VALUES (72, 'Anambra West', 4);
INSERT INTO `property_lgas` (`lga_id`, `lga_name`, `state_id`) VALUES (73, 'Anaocha', 4);
INSERT INTO `property_lgas` (`lga_id`, `lga_name`, `state_id`) VALUES (74, 'Awka North', 4);
INSERT INTO `property_lgas` (`lga_id`, `lga_name`, `state_id`) VALUES (75, 'Awka South', 4);
INSERT INTO `property_lgas` (`lga_id`, `lga_name`, `state_id`) VALUES (76, 'Ayamelum', 4);
INSERT INTO `property_lgas` (`lga_id`, `lga_name`, `state_id`) VALUES (77, 'Dunukofia', 4);
INSERT INTO `property_lgas` (`lga_id`, `lga_name`, `state_id`) VALUES (78, 'Ekwusigo', 4);
INSERT INTO `property_lgas` (`lga_id`, `lga_name`, `state_id`) VALUES (79, 'Idemili North', 4);
INSERT INTO `property_lgas` (`lga_id`, `lga_name`, `state_id`) VALUES (80, 'Idemili South', 4);
INSERT INTO `property_lgas` (`lga_id`, `lga_name`, `state_id`) VALUES (81, 'Ihiala', 4);
INSERT INTO `property_lgas` (`lga_id`, `lga_name`, `state_id`) VALUES (82, 'Njikoka', 4);
INSERT INTO `property_lgas` (`lga_id`, `lga_name`, `state_id`) VALUES (83, 'Nnewi North', 4);
INSERT INTO `property_lgas` (`lga_id`, `lga_name`, `state_id`) VALUES (84, 'Nnewi South', 4);
INSERT INTO `property_lgas` (`lga_id`, `lga_name`, `state_id`) VALUES (85, 'Ogbaru', 4);
INSERT INTO `property_lgas` (`lga_id`, `lga_name`, `state_id`) VALUES (86, 'Onitsha North', 4);
INSERT INTO `property_lgas` (`lga_id`, `lga_name`, `state_id`) VALUES (87, 'Onitsha South', 4);
INSERT INTO `property_lgas` (`lga_id`, `lga_name`, `state_id`) VALUES (88, 'Orumba North', 4);
INSERT INTO `property_lgas` (`lga_id`, `lga_name`, `state_id`) VALUES (89, 'Orumba South', 4);
INSERT INTO `property_lgas` (`lga_id`, `lga_name`, `state_id`) VALUES (90, 'Oyi', 4);
INSERT INTO `property_lgas` (`lga_id`, `lga_name`, `state_id`) VALUES (91, 'Alkaleri', 5);
INSERT INTO `property_lgas` (`lga_id`, `lga_name`, `state_id`) VALUES (92, 'Bauchi', 5);
INSERT INTO `property_lgas` (`lga_id`, `lga_name`, `state_id`) VALUES (93, 'Bogoro', 5);
INSERT INTO `property_lgas` (`lga_id`, `lga_name`, `state_id`) VALUES (94, 'Damban', 5);
INSERT INTO `property_lgas` (`lga_id`, `lga_name`, `state_id`) VALUES (95, 'Darazo', 5);
INSERT INTO `property_lgas` (`lga_id`, `lga_name`, `state_id`) VALUES (96, 'Dass', 5);
INSERT INTO `property_lgas` (`lga_id`, `lga_name`, `state_id`) VALUES (97, 'Gamawa', 5);
INSERT INTO `property_lgas` (`lga_id`, `lga_name`, `state_id`) VALUES (98, 'Ganjuwa', 5);
INSERT INTO `property_lgas` (`lga_id`, `lga_name`, `state_id`) VALUES (99, 'Giade', 5);
INSERT INTO `property_lgas` (`lga_id`, `lga_name`, `state_id`) VALUES (100, 'Itas/Gadau', 5);
INSERT INTO `property_lgas` (`lga_id`, `lga_name`, `state_id`) VALUES (101, 'Jama\'are', 5);
INSERT INTO `property_lgas` (`lga_id`, `lga_name`, `state_id`) VALUES (102, 'Katagum', 5);
INSERT INTO `property_lgas` (`lga_id`, `lga_name`, `state_id`) VALUES (103, 'Kirfi', 5);
INSERT INTO `property_lgas` (`lga_id`, `lga_name`, `state_id`) VALUES (104, 'Misau', 5);
INSERT INTO `property_lgas` (`lga_id`, `lga_name`, `state_id`) VALUES (105, 'Ningi', 5);
INSERT INTO `property_lgas` (`lga_id`, `lga_name`, `state_id`) VALUES (106, 'Shira', 5);
INSERT INTO `property_lgas` (`lga_id`, `lga_name`, `state_id`) VALUES (107, 'Tafawa Balewa', 5);
INSERT INTO `property_lgas` (`lga_id`, `lga_name`, `state_id`) VALUES (108, 'Toro', 5);
INSERT INTO `property_lgas` (`lga_id`, `lga_name`, `state_id`) VALUES (109, 'Warji', 5);
INSERT INTO `property_lgas` (`lga_id`, `lga_name`, `state_id`) VALUES (110, 'Zaki', 5);
INSERT INTO `property_lgas` (`lga_id`, `lga_name`, `state_id`) VALUES (111, 'Brass', 6);
INSERT INTO `property_lgas` (`lga_id`, `lga_name`, `state_id`) VALUES (112, 'Ekeremor', 6);
INSERT INTO `property_lgas` (`lga_id`, `lga_name`, `state_id`) VALUES (113, 'Kolokuma/Opokuma', 6);
INSERT INTO `property_lgas` (`lga_id`, `lga_name`, `state_id`) VALUES (114, 'Nembe', 6);
INSERT INTO `property_lgas` (`lga_id`, `lga_name`, `state_id`) VALUES (115, 'Ogbia', 6);
INSERT INTO `property_lgas` (`lga_id`, `lga_name`, `state_id`) VALUES (116, 'Sagbama', 6);
INSERT INTO `property_lgas` (`lga_id`, `lga_name`, `state_id`) VALUES (117, 'Southern Ijaw', 6);
INSERT INTO `property_lgas` (`lga_id`, `lga_name`, `state_id`) VALUES (118, 'Yenagoa', 6);
INSERT INTO `property_lgas` (`lga_id`, `lga_name`, `state_id`) VALUES (119, 'Ado', 7);
INSERT INTO `property_lgas` (`lga_id`, `lga_name`, `state_id`) VALUES (120, 'Agatu', 7);
INSERT INTO `property_lgas` (`lga_id`, `lga_name`, `state_id`) VALUES (121, 'Apa', 7);
INSERT INTO `property_lgas` (`lga_id`, `lga_name`, `state_id`) VALUES (122, 'Buruku', 7);
INSERT INTO `property_lgas` (`lga_id`, `lga_name`, `state_id`) VALUES (123, 'Gboko', 7);
INSERT INTO `property_lgas` (`lga_id`, `lga_name`, `state_id`) VALUES (124, 'Guma', 7);
INSERT INTO `property_lgas` (`lga_id`, `lga_name`, `state_id`) VALUES (125, 'Gwer East', 7);
INSERT INTO `property_lgas` (`lga_id`, `lga_name`, `state_id`) VALUES (126, 'Gwer West', 7);
INSERT INTO `property_lgas` (`lga_id`, `lga_name`, `state_id`) VALUES (127, 'Katsina-Ala', 7);
INSERT INTO `property_lgas` (`lga_id`, `lga_name`, `state_id`) VALUES (128, 'Konshisha', 7);
INSERT INTO `property_lgas` (`lga_id`, `lga_name`, `state_id`) VALUES (129, 'Kwande', 7);
INSERT INTO `property_lgas` (`lga_id`, `lga_name`, `state_id`) VALUES (130, 'Logo', 7);
INSERT INTO `property_lgas` (`lga_id`, `lga_name`, `state_id`) VALUES (131, 'Makurdi', 7);
INSERT INTO `property_lgas` (`lga_id`, `lga_name`, `state_id`) VALUES (132, 'Obi', 7);
INSERT INTO `property_lgas` (`lga_id`, `lga_name`, `state_id`) VALUES (133, 'Ogbadibo', 7);
INSERT INTO `property_lgas` (`lga_id`, `lga_name`, `state_id`) VALUES (134, 'Ohimini', 7);
INSERT INTO `property_lgas` (`lga_id`, `lga_name`, `state_id`) VALUES (135, 'Oju', 7);
INSERT INTO `property_lgas` (`lga_id`, `lga_name`, `state_id`) VALUES (136, 'Okpokwu', 7);
INSERT INTO `property_lgas` (`lga_id`, `lga_name`, `state_id`) VALUES (137, 'Otukpo', 7);
INSERT INTO `property_lgas` (`lga_id`, `lga_name`, `state_id`) VALUES (138, 'Tarka', 7);
INSERT INTO `property_lgas` (`lga_id`, `lga_name`, `state_id`) VALUES (139, 'Ukum', 7);
INSERT INTO `property_lgas` (`lga_id`, `lga_name`, `state_id`) VALUES (140, 'Ushongo', 7);
INSERT INTO `property_lgas` (`lga_id`, `lga_name`, `state_id`) VALUES (141, 'Vandeikya', 7);
INSERT INTO `property_lgas` (`lga_id`, `lga_name`, `state_id`) VALUES (142, 'Abadam', 8);
INSERT INTO `property_lgas` (`lga_id`, `lga_name`, `state_id`) VALUES (143, 'Askira/Uba', 8);
INSERT INTO `property_lgas` (`lga_id`, `lga_name`, `state_id`) VALUES (144, 'Bama', 8);
INSERT INTO `property_lgas` (`lga_id`, `lga_name`, `state_id`) VALUES (145, 'Bayo', 8);
INSERT INTO `property_lgas` (`lga_id`, `lga_name`, `state_id`) VALUES (146, 'Biu', 8);
INSERT INTO `property_lgas` (`lga_id`, `lga_name`, `state_id`) VALUES (147, 'Chibok', 8);
INSERT INTO `property_lgas` (`lga_id`, `lga_name`, `state_id`) VALUES (148, 'Damboa', 8);
INSERT INTO `property_lgas` (`lga_id`, `lga_name`, `state_id`) VALUES (149, 'Dikwa', 8);
INSERT INTO `property_lgas` (`lga_id`, `lga_name`, `state_id`) VALUES (150, 'Gubio', 8);
INSERT INTO `property_lgas` (`lga_id`, `lga_name`, `state_id`) VALUES (151, 'Guzamala', 8);
INSERT INTO `property_lgas` (`lga_id`, `lga_name`, `state_id`) VALUES (152, 'Gwoza', 8);
INSERT INTO `property_lgas` (`lga_id`, `lga_name`, `state_id`) VALUES (153, 'Hawul', 8);
INSERT INTO `property_lgas` (`lga_id`, `lga_name`, `state_id`) VALUES (154, 'Jere', 8);
INSERT INTO `property_lgas` (`lga_id`, `lga_name`, `state_id`) VALUES (155, 'Kaga', 8);
INSERT INTO `property_lgas` (`lga_id`, `lga_name`, `state_id`) VALUES (156, 'Kala/Balge', 8);
INSERT INTO `property_lgas` (`lga_id`, `lga_name`, `state_id`) VALUES (157, 'Konduga', 8);
INSERT INTO `property_lgas` (`lga_id`, `lga_name`, `state_id`) VALUES (158, 'Kukawa', 8);
INSERT INTO `property_lgas` (`lga_id`, `lga_name`, `state_id`) VALUES (159, 'Kwaya Kusar', 8);
INSERT INTO `property_lgas` (`lga_id`, `lga_name`, `state_id`) VALUES (160, 'Mafa', 8);
INSERT INTO `property_lgas` (`lga_id`, `lga_name`, `state_id`) VALUES (161, 'Magumeri', 8);
INSERT INTO `property_lgas` (`lga_id`, `lga_name`, `state_id`) VALUES (162, 'Maiduguri', 8);
INSERT INTO `property_lgas` (`lga_id`, `lga_name`, `state_id`) VALUES (163, 'Marte', 8);
INSERT INTO `property_lgas` (`lga_id`, `lga_name`, `state_id`) VALUES (164, 'Mobbar', 8);
INSERT INTO `property_lgas` (`lga_id`, `lga_name`, `state_id`) VALUES (165, 'Monguno', 8);
INSERT INTO `property_lgas` (`lga_id`, `lga_name`, `state_id`) VALUES (166, 'Ngala', 8);
INSERT INTO `property_lgas` (`lga_id`, `lga_name`, `state_id`) VALUES (167, 'Nganzai', 8);
INSERT INTO `property_lgas` (`lga_id`, `lga_name`, `state_id`) VALUES (168, 'Shani', 8);
INSERT INTO `property_lgas` (`lga_id`, `lga_name`, `state_id`) VALUES (169, 'Abi', 9);
INSERT INTO `property_lgas` (`lga_id`, `lga_name`, `state_id`) VALUES (170, 'Akamkpa', 9);
INSERT INTO `property_lgas` (`lga_id`, `lga_name`, `state_id`) VALUES (171, 'Akpabuyo', 9);
INSERT INTO `property_lgas` (`lga_id`, `lga_name`, `state_id`) VALUES (172, 'Bakassi', 9);
INSERT INTO `property_lgas` (`lga_id`, `lga_name`, `state_id`) VALUES (173, 'Bekwarra', 9);
INSERT INTO `property_lgas` (`lga_id`, `lga_name`, `state_id`) VALUES (174, 'Biase', 9);
INSERT INTO `property_lgas` (`lga_id`, `lga_name`, `state_id`) VALUES (175, 'Boki', 9);
INSERT INTO `property_lgas` (`lga_id`, `lga_name`, `state_id`) VALUES (176, 'Calabar Municipal', 9);
INSERT INTO `property_lgas` (`lga_id`, `lga_name`, `state_id`) VALUES (177, 'Calabar South', 9);
INSERT INTO `property_lgas` (`lga_id`, `lga_name`, `state_id`) VALUES (178, 'Etung', 9);
INSERT INTO `property_lgas` (`lga_id`, `lga_name`, `state_id`) VALUES (179, 'Ikom', 9);
INSERT INTO `property_lgas` (`lga_id`, `lga_name`, `state_id`) VALUES (180, 'Obanliku', 9);
INSERT INTO `property_lgas` (`lga_id`, `lga_name`, `state_id`) VALUES (181, 'Obubra', 9);
INSERT INTO `property_lgas` (`lga_id`, `lga_name`, `state_id`) VALUES (182, 'Obudu', 9);
INSERT INTO `property_lgas` (`lga_id`, `lga_name`, `state_id`) VALUES (183, 'Odukpani', 9);
INSERT INTO `property_lgas` (`lga_id`, `lga_name`, `state_id`) VALUES (184, 'Ogoja', 9);
INSERT INTO `property_lgas` (`lga_id`, `lga_name`, `state_id`) VALUES (185, 'Yakurr', 9);
INSERT INTO `property_lgas` (`lga_id`, `lga_name`, `state_id`) VALUES (186, 'Yala', 9);
INSERT INTO `property_lgas` (`lga_id`, `lga_name`, `state_id`) VALUES (187, 'Aniocha North', 10);
INSERT INTO `property_lgas` (`lga_id`, `lga_name`, `state_id`) VALUES (188, 'Aniocha South', 10);
INSERT INTO `property_lgas` (`lga_id`, `lga_name`, `state_id`) VALUES (189, 'Bomadi', 10);
INSERT INTO `property_lgas` (`lga_id`, `lga_name`, `state_id`) VALUES (190, 'Burutu', 10);
INSERT INTO `property_lgas` (`lga_id`, `lga_name`, `state_id`) VALUES (191, 'Ethiope East', 10);
INSERT INTO `property_lgas` (`lga_id`, `lga_name`, `state_id`) VALUES (192, 'Ethiope West', 10);
INSERT INTO `property_lgas` (`lga_id`, `lga_name`, `state_id`) VALUES (193, 'Ika North East', 10);
INSERT INTO `property_lgas` (`lga_id`, `lga_name`, `state_id`) VALUES (194, 'Ika South', 10);
INSERT INTO `property_lgas` (`lga_id`, `lga_name`, `state_id`) VALUES (195, 'Isoko North', 10);
INSERT INTO `property_lgas` (`lga_id`, `lga_name`, `state_id`) VALUES (196, 'Isoko South', 10);
INSERT INTO `property_lgas` (`lga_id`, `lga_name`, `state_id`) VALUES (197, 'Ndokwa East', 10);
INSERT INTO `property_lgas` (`lga_id`, `lga_name`, `state_id`) VALUES (198, 'Ndokwa West', 10);
INSERT INTO `property_lgas` (`lga_id`, `lga_name`, `state_id`) VALUES (199, 'Okpe', 10);
INSERT INTO `property_lgas` (`lga_id`, `lga_name`, `state_id`) VALUES (200, 'Oshimili North', 10);
INSERT INTO `property_lgas` (`lga_id`, `lga_name`, `state_id`) VALUES (201, 'Oshimili South', 10);
INSERT INTO `property_lgas` (`lga_id`, `lga_name`, `state_id`) VALUES (202, 'Patani', 10);
INSERT INTO `property_lgas` (`lga_id`, `lga_name`, `state_id`) VALUES (203, 'Sapele', 10);
INSERT INTO `property_lgas` (`lga_id`, `lga_name`, `state_id`) VALUES (204, 'Udu', 10);
INSERT INTO `property_lgas` (`lga_id`, `lga_name`, `state_id`) VALUES (205, 'Ughelli North', 10);
INSERT INTO `property_lgas` (`lga_id`, `lga_name`, `state_id`) VALUES (206, 'Ughelli South', 10);
INSERT INTO `property_lgas` (`lga_id`, `lga_name`, `state_id`) VALUES (207, 'Ukwuani', 10);
INSERT INTO `property_lgas` (`lga_id`, `lga_name`, `state_id`) VALUES (208, 'Uvwie', 10);
INSERT INTO `property_lgas` (`lga_id`, `lga_name`, `state_id`) VALUES (209, 'Warri North', 10);
INSERT INTO `property_lgas` (`lga_id`, `lga_name`, `state_id`) VALUES (210, 'Warri South', 10);
INSERT INTO `property_lgas` (`lga_id`, `lga_name`, `state_id`) VALUES (211, 'Warri South West', 10);
INSERT INTO `property_lgas` (`lga_id`, `lga_name`, `state_id`) VALUES (212, 'Abakaliki', 11);
INSERT INTO `property_lgas` (`lga_id`, `lga_name`, `state_id`) VALUES (213, 'Afikpo North', 11);
INSERT INTO `property_lgas` (`lga_id`, `lga_name`, `state_id`) VALUES (214, 'Afikpo South', 11);
INSERT INTO `property_lgas` (`lga_id`, `lga_name`, `state_id`) VALUES (215, 'Ebonyi', 11);
INSERT INTO `property_lgas` (`lga_id`, `lga_name`, `state_id`) VALUES (216, 'Ezza North', 11);
INSERT INTO `property_lgas` (`lga_id`, `lga_name`, `state_id`) VALUES (217, 'Ezza South', 11);
INSERT INTO `property_lgas` (`lga_id`, `lga_name`, `state_id`) VALUES (218, 'Ikwo', 11);
INSERT INTO `property_lgas` (`lga_id`, `lga_name`, `state_id`) VALUES (219, 'Ishielu', 11);
INSERT INTO `property_lgas` (`lga_id`, `lga_name`, `state_id`) VALUES (220, 'Ivo', 11);
INSERT INTO `property_lgas` (`lga_id`, `lga_name`, `state_id`) VALUES (221, 'Izzi', 11);
INSERT INTO `property_lgas` (`lga_id`, `lga_name`, `state_id`) VALUES (222, 'Ohaukwu', 11);
INSERT INTO `property_lgas` (`lga_id`, `lga_name`, `state_id`) VALUES (223, 'Onicha', 11);
INSERT INTO `property_lgas` (`lga_id`, `lga_name`, `state_id`) VALUES (224, 'Ohaozara', 11);
INSERT INTO `property_lgas` (`lga_id`, `lga_name`, `state_id`) VALUES (225, 'Akoko-Edo', 12);
INSERT INTO `property_lgas` (`lga_id`, `lga_name`, `state_id`) VALUES (226, 'Egor', 12);
INSERT INTO `property_lgas` (`lga_id`, `lga_name`, `state_id`) VALUES (227, 'Esan Central', 12);
INSERT INTO `property_lgas` (`lga_id`, `lga_name`, `state_id`) VALUES (228, 'Esan North-East', 12);
INSERT INTO `property_lgas` (`lga_id`, `lga_name`, `state_id`) VALUES (229, 'Esan South-East', 12);
INSERT INTO `property_lgas` (`lga_id`, `lga_name`, `state_id`) VALUES (230, 'Esan West', 12);
INSERT INTO `property_lgas` (`lga_id`, `lga_name`, `state_id`) VALUES (231, 'Etsako Central', 12);
INSERT INTO `property_lgas` (`lga_id`, `lga_name`, `state_id`) VALUES (232, 'Etsako East', 12);
INSERT INTO `property_lgas` (`lga_id`, `lga_name`, `state_id`) VALUES (233, 'Etsako West', 12);
INSERT INTO `property_lgas` (`lga_id`, `lga_name`, `state_id`) VALUES (234, 'Igueben', 12);
INSERT INTO `property_lgas` (`lga_id`, `lga_name`, `state_id`) VALUES (235, 'Ikpoba-Okha', 12);
INSERT INTO `property_lgas` (`lga_id`, `lga_name`, `state_id`) VALUES (236, 'Oredo', 12);
INSERT INTO `property_lgas` (`lga_id`, `lga_name`, `state_id`) VALUES (237, 'Orhionmwon', 12);
INSERT INTO `property_lgas` (`lga_id`, `lga_name`, `state_id`) VALUES (238, 'Ovia North-East', 12);
INSERT INTO `property_lgas` (`lga_id`, `lga_name`, `state_id`) VALUES (239, 'Ovia South-West', 12);
INSERT INTO `property_lgas` (`lga_id`, `lga_name`, `state_id`) VALUES (240, 'Owan East', 12);
INSERT INTO `property_lgas` (`lga_id`, `lga_name`, `state_id`) VALUES (241, 'Owan West', 12);
INSERT INTO `property_lgas` (`lga_id`, `lga_name`, `state_id`) VALUES (242, 'Uhunmwonde', 12);
INSERT INTO `property_lgas` (`lga_id`, `lga_name`, `state_id`) VALUES (243, 'Ado Ekiti', 13);
INSERT INTO `property_lgas` (`lga_id`, `lga_name`, `state_id`) VALUES (244, 'Efon', 13);
INSERT INTO `property_lgas` (`lga_id`, `lga_name`, `state_id`) VALUES (245, 'Ekiti East', 13);
INSERT INTO `property_lgas` (`lga_id`, `lga_name`, `state_id`) VALUES (246, 'Ekiti South-West', 13);
INSERT INTO `property_lgas` (`lga_id`, `lga_name`, `state_id`) VALUES (247, 'Ekiti West', 13);
INSERT INTO `property_lgas` (`lga_id`, `lga_name`, `state_id`) VALUES (248, 'Emure', 13);
INSERT INTO `property_lgas` (`lga_id`, `lga_name`, `state_id`) VALUES (249, 'Gbonyin', 13);
INSERT INTO `property_lgas` (`lga_id`, `lga_name`, `state_id`) VALUES (250, 'Ido Osi', 13);
INSERT INTO `property_lgas` (`lga_id`, `lga_name`, `state_id`) VALUES (251, 'Ijero', 13);
INSERT INTO `property_lgas` (`lga_id`, `lga_name`, `state_id`) VALUES (252, 'Ikere', 13);
INSERT INTO `property_lgas` (`lga_id`, `lga_name`, `state_id`) VALUES (253, 'Ikole', 13);
INSERT INTO `property_lgas` (`lga_id`, `lga_name`, `state_id`) VALUES (254, 'Ilejemeje', 13);
INSERT INTO `property_lgas` (`lga_id`, `lga_name`, `state_id`) VALUES (255, 'Irepodun/Ifelodun', 13);
INSERT INTO `property_lgas` (`lga_id`, `lga_name`, `state_id`) VALUES (256, 'Ise/Orun', 13);
INSERT INTO `property_lgas` (`lga_id`, `lga_name`, `state_id`) VALUES (257, 'Moba', 13);
INSERT INTO `property_lgas` (`lga_id`, `lga_name`, `state_id`) VALUES (258, 'Oye', 13);
INSERT INTO `property_lgas` (`lga_id`, `lga_name`, `state_id`) VALUES (259, 'Aninri', 14);
INSERT INTO `property_lgas` (`lga_id`, `lga_name`, `state_id`) VALUES (260, 'Awgu', 14);
INSERT INTO `property_lgas` (`lga_id`, `lga_name`, `state_id`) VALUES (261, 'Enugu East', 14);
INSERT INTO `property_lgas` (`lga_id`, `lga_name`, `state_id`) VALUES (262, 'Enugu North', 14);
INSERT INTO `property_lgas` (`lga_id`, `lga_name`, `state_id`) VALUES (263, 'Enugu South', 14);
INSERT INTO `property_lgas` (`lga_id`, `lga_name`, `state_id`) VALUES (264, 'Ezeagu', 14);
INSERT INTO `property_lgas` (`lga_id`, `lga_name`, `state_id`) VALUES (265, 'Igbo Etiti', 14);
INSERT INTO `property_lgas` (`lga_id`, `lga_name`, `state_id`) VALUES (266, 'Igbo Eze North', 14);
INSERT INTO `property_lgas` (`lga_id`, `lga_name`, `state_id`) VALUES (267, 'Igbo Eze South', 14);
INSERT INTO `property_lgas` (`lga_id`, `lga_name`, `state_id`) VALUES (268, 'Isi Uzo', 14);
INSERT INTO `property_lgas` (`lga_id`, `lga_name`, `state_id`) VALUES (269, 'Nkanu East', 14);
INSERT INTO `property_lgas` (`lga_id`, `lga_name`, `state_id`) VALUES (270, 'Nkanu West', 14);
INSERT INTO `property_lgas` (`lga_id`, `lga_name`, `state_id`) VALUES (271, 'Nsukka', 14);
INSERT INTO `property_lgas` (`lga_id`, `lga_name`, `state_id`) VALUES (272, 'Oji River', 14);
INSERT INTO `property_lgas` (`lga_id`, `lga_name`, `state_id`) VALUES (273, 'Udenu', 14);
INSERT INTO `property_lgas` (`lga_id`, `lga_name`, `state_id`) VALUES (274, 'Udi', 14);
INSERT INTO `property_lgas` (`lga_id`, `lga_name`, `state_id`) VALUES (275, 'Uzo Uwani', 14);
INSERT INTO `property_lgas` (`lga_id`, `lga_name`, `state_id`) VALUES (276, 'Abaji', 15);
INSERT INTO `property_lgas` (`lga_id`, `lga_name`, `state_id`) VALUES (277, 'Bwari', 15);
INSERT INTO `property_lgas` (`lga_id`, `lga_name`, `state_id`) VALUES (278, 'Gwagwalada', 15);
INSERT INTO `property_lgas` (`lga_id`, `lga_name`, `state_id`) VALUES (279, 'Kuje', 15);
INSERT INTO `property_lgas` (`lga_id`, `lga_name`, `state_id`) VALUES (280, 'Kwali', 15);
INSERT INTO `property_lgas` (`lga_id`, `lga_name`, `state_id`) VALUES (281, 'Municipal Area Council', 15);
INSERT INTO `property_lgas` (`lga_id`, `lga_name`, `state_id`) VALUES (282, 'Akko', 16);
INSERT INTO `property_lgas` (`lga_id`, `lga_name`, `state_id`) VALUES (283, 'Balanga', 16);
INSERT INTO `property_lgas` (`lga_id`, `lga_name`, `state_id`) VALUES (284, 'Billiri', 16);
INSERT INTO `property_lgas` (`lga_id`, `lga_name`, `state_id`) VALUES (285, 'Dukku', 16);
INSERT INTO `property_lgas` (`lga_id`, `lga_name`, `state_id`) VALUES (286, 'Funakaye', 16);
INSERT INTO `property_lgas` (`lga_id`, `lga_name`, `state_id`) VALUES (287, 'Gombe', 16);
INSERT INTO `property_lgas` (`lga_id`, `lga_name`, `state_id`) VALUES (288, 'Kaltungo', 16);
INSERT INTO `property_lgas` (`lga_id`, `lga_name`, `state_id`) VALUES (289, 'Kwami', 16);
INSERT INTO `property_lgas` (`lga_id`, `lga_name`, `state_id`) VALUES (290, 'Nafada', 16);
INSERT INTO `property_lgas` (`lga_id`, `lga_name`, `state_id`) VALUES (291, 'Shongom', 16);
INSERT INTO `property_lgas` (`lga_id`, `lga_name`, `state_id`) VALUES (292, 'Yamaltu/Deba', 16);
INSERT INTO `property_lgas` (`lga_id`, `lga_name`, `state_id`) VALUES (293, 'Aboh Mbaise', 17);
INSERT INTO `property_lgas` (`lga_id`, `lga_name`, `state_id`) VALUES (294, 'Ahiazu Mbaise', 17);
INSERT INTO `property_lgas` (`lga_id`, `lga_name`, `state_id`) VALUES (295, 'Ehime Mbano', 17);
INSERT INTO `property_lgas` (`lga_id`, `lga_name`, `state_id`) VALUES (296, 'Ezinihitte', 17);
INSERT INTO `property_lgas` (`lga_id`, `lga_name`, `state_id`) VALUES (297, 'Ideato North', 17);
INSERT INTO `property_lgas` (`lga_id`, `lga_name`, `state_id`) VALUES (298, 'Ideato South', 17);
INSERT INTO `property_lgas` (`lga_id`, `lga_name`, `state_id`) VALUES (299, 'Ihitte/Uboma', 17);
INSERT INTO `property_lgas` (`lga_id`, `lga_name`, `state_id`) VALUES (300, 'Ikeduru', 17);
INSERT INTO `property_lgas` (`lga_id`, `lga_name`, `state_id`) VALUES (301, 'Isiala Mbano', 17);
INSERT INTO `property_lgas` (`lga_id`, `lga_name`, `state_id`) VALUES (302, 'Isu', 17);
INSERT INTO `property_lgas` (`lga_id`, `lga_name`, `state_id`) VALUES (303, 'Mbaitoli', 17);
INSERT INTO `property_lgas` (`lga_id`, `lga_name`, `state_id`) VALUES (304, 'Ngor Okpala', 17);
INSERT INTO `property_lgas` (`lga_id`, `lga_name`, `state_id`) VALUES (305, 'Njaba', 17);
INSERT INTO `property_lgas` (`lga_id`, `lga_name`, `state_id`) VALUES (306, 'Nkwerre', 17);
INSERT INTO `property_lgas` (`lga_id`, `lga_name`, `state_id`) VALUES (307, 'Nwangele', 17);
INSERT INTO `property_lgas` (`lga_id`, `lga_name`, `state_id`) VALUES (308, 'Obowo', 17);
INSERT INTO `property_lgas` (`lga_id`, `lga_name`, `state_id`) VALUES (309, 'Oguta', 17);
INSERT INTO `property_lgas` (`lga_id`, `lga_name`, `state_id`) VALUES (310, 'Ohaji/Egbema', 17);
INSERT INTO `property_lgas` (`lga_id`, `lga_name`, `state_id`) VALUES (311, 'Okigwe', 17);
INSERT INTO `property_lgas` (`lga_id`, `lga_name`, `state_id`) VALUES (312, 'Orlu', 17);
INSERT INTO `property_lgas` (`lga_id`, `lga_name`, `state_id`) VALUES (313, 'Orsu', 17);
INSERT INTO `property_lgas` (`lga_id`, `lga_name`, `state_id`) VALUES (314, 'Oru East', 17);
INSERT INTO `property_lgas` (`lga_id`, `lga_name`, `state_id`) VALUES (315, 'Oru West', 17);
INSERT INTO `property_lgas` (`lga_id`, `lga_name`, `state_id`) VALUES (316, 'Owerri Municipal', 17);
INSERT INTO `property_lgas` (`lga_id`, `lga_name`, `state_id`) VALUES (317, 'Owerri North', 17);
INSERT INTO `property_lgas` (`lga_id`, `lga_name`, `state_id`) VALUES (318, 'Owerri West', 17);
INSERT INTO `property_lgas` (`lga_id`, `lga_name`, `state_id`) VALUES (319, 'Unuimo', 17);
INSERT INTO `property_lgas` (`lga_id`, `lga_name`, `state_id`) VALUES (320, 'Auyo', 18);
INSERT INTO `property_lgas` (`lga_id`, `lga_name`, `state_id`) VALUES (321, 'Babura', 18);
INSERT INTO `property_lgas` (`lga_id`, `lga_name`, `state_id`) VALUES (322, 'Biriniwa', 18);
INSERT INTO `property_lgas` (`lga_id`, `lga_name`, `state_id`) VALUES (323, 'Birnin Kudu', 18);
INSERT INTO `property_lgas` (`lga_id`, `lga_name`, `state_id`) VALUES (324, 'Buji', 18);
INSERT INTO `property_lgas` (`lga_id`, `lga_name`, `state_id`) VALUES (325, 'Dutse', 18);
INSERT INTO `property_lgas` (`lga_id`, `lga_name`, `state_id`) VALUES (326, 'Gagarawa', 18);
INSERT INTO `property_lgas` (`lga_id`, `lga_name`, `state_id`) VALUES (327, 'Garki', 18);
INSERT INTO `property_lgas` (`lga_id`, `lga_name`, `state_id`) VALUES (328, 'Gumel', 18);
INSERT INTO `property_lgas` (`lga_id`, `lga_name`, `state_id`) VALUES (329, 'Guri', 18);
INSERT INTO `property_lgas` (`lga_id`, `lga_name`, `state_id`) VALUES (330, 'Gwaram', 18);
INSERT INTO `property_lgas` (`lga_id`, `lga_name`, `state_id`) VALUES (331, 'Gwiwa', 18);
INSERT INTO `property_lgas` (`lga_id`, `lga_name`, `state_id`) VALUES (332, 'Hadejia', 18);
INSERT INTO `property_lgas` (`lga_id`, `lga_name`, `state_id`) VALUES (333, 'Jahun', 18);
INSERT INTO `property_lgas` (`lga_id`, `lga_name`, `state_id`) VALUES (334, 'Kafin Hausa', 18);
INSERT INTO `property_lgas` (`lga_id`, `lga_name`, `state_id`) VALUES (335, 'Kazaure', 18);
INSERT INTO `property_lgas` (`lga_id`, `lga_name`, `state_id`) VALUES (336, 'Kiri Kasama', 18);
INSERT INTO `property_lgas` (`lga_id`, `lga_name`, `state_id`) VALUES (337, 'Kiyawa', 18);
INSERT INTO `property_lgas` (`lga_id`, `lga_name`, `state_id`) VALUES (338, 'Maigatari', 18);
INSERT INTO `property_lgas` (`lga_id`, `lga_name`, `state_id`) VALUES (339, 'Malam Madori', 18);
INSERT INTO `property_lgas` (`lga_id`, `lga_name`, `state_id`) VALUES (340, 'Miga', 18);
INSERT INTO `property_lgas` (`lga_id`, `lga_name`, `state_id`) VALUES (341, 'Ringim', 18);
INSERT INTO `property_lgas` (`lga_id`, `lga_name`, `state_id`) VALUES (342, 'Roni', 18);
INSERT INTO `property_lgas` (`lga_id`, `lga_name`, `state_id`) VALUES (343, 'Sule Tankarkar', 18);
INSERT INTO `property_lgas` (`lga_id`, `lga_name`, `state_id`) VALUES (344, 'Taura', 18);
INSERT INTO `property_lgas` (`lga_id`, `lga_name`, `state_id`) VALUES (345, 'Yankwashi', 18);
INSERT INTO `property_lgas` (`lga_id`, `lga_name`, `state_id`) VALUES (346, 'Kaugama', 18);
INSERT INTO `property_lgas` (`lga_id`, `lga_name`, `state_id`) VALUES (347, 'Birnin Gwari', 19);
INSERT INTO `property_lgas` (`lga_id`, `lga_name`, `state_id`) VALUES (348, 'Chikun', 19);
INSERT INTO `property_lgas` (`lga_id`, `lga_name`, `state_id`) VALUES (349, 'Giwa', 19);
INSERT INTO `property_lgas` (`lga_id`, `lga_name`, `state_id`) VALUES (350, 'Igabi', 19);
INSERT INTO `property_lgas` (`lga_id`, `lga_name`, `state_id`) VALUES (351, 'Ikara', 19);
INSERT INTO `property_lgas` (`lga_id`, `lga_name`, `state_id`) VALUES (352, 'Jaba', 19);
INSERT INTO `property_lgas` (`lga_id`, `lga_name`, `state_id`) VALUES (353, 'Jema\'a', 19);
INSERT INTO `property_lgas` (`lga_id`, `lga_name`, `state_id`) VALUES (354, 'Kachia', 19);
INSERT INTO `property_lgas` (`lga_id`, `lga_name`, `state_id`) VALUES (355, 'Kaduna North', 19);
INSERT INTO `property_lgas` (`lga_id`, `lga_name`, `state_id`) VALUES (356, 'Kaduna South', 19);
INSERT INTO `property_lgas` (`lga_id`, `lga_name`, `state_id`) VALUES (357, 'Kagarko', 19);
INSERT INTO `property_lgas` (`lga_id`, `lga_name`, `state_id`) VALUES (358, 'Kajuru', 19);
INSERT INTO `property_lgas` (`lga_id`, `lga_name`, `state_id`) VALUES (359, 'Kaura', 19);
INSERT INTO `property_lgas` (`lga_id`, `lga_name`, `state_id`) VALUES (360, 'Kauru', 19);
INSERT INTO `property_lgas` (`lga_id`, `lga_name`, `state_id`) VALUES (361, 'Kubau', 19);
INSERT INTO `property_lgas` (`lga_id`, `lga_name`, `state_id`) VALUES (362, 'Kudan', 19);
INSERT INTO `property_lgas` (`lga_id`, `lga_name`, `state_id`) VALUES (363, 'Lere', 19);
INSERT INTO `property_lgas` (`lga_id`, `lga_name`, `state_id`) VALUES (364, 'Makarfi', 19);
INSERT INTO `property_lgas` (`lga_id`, `lga_name`, `state_id`) VALUES (365, 'Sabon Gari', 19);
INSERT INTO `property_lgas` (`lga_id`, `lga_name`, `state_id`) VALUES (366, 'Sanga', 19);
INSERT INTO `property_lgas` (`lga_id`, `lga_name`, `state_id`) VALUES (367, 'Soba', 19);
INSERT INTO `property_lgas` (`lga_id`, `lga_name`, `state_id`) VALUES (368, 'Zangon Kataf', 19);
INSERT INTO `property_lgas` (`lga_id`, `lga_name`, `state_id`) VALUES (369, 'Zaria', 19);
INSERT INTO `property_lgas` (`lga_id`, `lga_name`, `state_id`) VALUES (370, 'Ajingi', 20);
INSERT INTO `property_lgas` (`lga_id`, `lga_name`, `state_id`) VALUES (371, 'Albasu', 20);
INSERT INTO `property_lgas` (`lga_id`, `lga_name`, `state_id`) VALUES (372, 'Bagwai', 20);
INSERT INTO `property_lgas` (`lga_id`, `lga_name`, `state_id`) VALUES (373, 'Bebeji', 20);
INSERT INTO `property_lgas` (`lga_id`, `lga_name`, `state_id`) VALUES (374, 'Bichi', 20);
INSERT INTO `property_lgas` (`lga_id`, `lga_name`, `state_id`) VALUES (375, 'Bunkure', 20);
INSERT INTO `property_lgas` (`lga_id`, `lga_name`, `state_id`) VALUES (376, 'Dala', 20);
INSERT INTO `property_lgas` (`lga_id`, `lga_name`, `state_id`) VALUES (377, 'Dambatta', 20);
INSERT INTO `property_lgas` (`lga_id`, `lga_name`, `state_id`) VALUES (378, 'Dawakin Kudu', 20);
INSERT INTO `property_lgas` (`lga_id`, `lga_name`, `state_id`) VALUES (379, 'Dawakin Tofa', 20);
INSERT INTO `property_lgas` (`lga_id`, `lga_name`, `state_id`) VALUES (380, 'Doguwa', 20);
INSERT INTO `property_lgas` (`lga_id`, `lga_name`, `state_id`) VALUES (381, 'Fagge', 20);
INSERT INTO `property_lgas` (`lga_id`, `lga_name`, `state_id`) VALUES (382, 'Gabasawa', 20);
INSERT INTO `property_lgas` (`lga_id`, `lga_name`, `state_id`) VALUES (383, 'Garko', 20);
INSERT INTO `property_lgas` (`lga_id`, `lga_name`, `state_id`) VALUES (384, 'Garun Mallam', 20);
INSERT INTO `property_lgas` (`lga_id`, `lga_name`, `state_id`) VALUES (385, 'Gaya', 20);
INSERT INTO `property_lgas` (`lga_id`, `lga_name`, `state_id`) VALUES (386, 'Gezawa', 20);
INSERT INTO `property_lgas` (`lga_id`, `lga_name`, `state_id`) VALUES (387, 'Gwale', 20);
INSERT INTO `property_lgas` (`lga_id`, `lga_name`, `state_id`) VALUES (388, 'Gwarzo', 20);
INSERT INTO `property_lgas` (`lga_id`, `lga_name`, `state_id`) VALUES (389, 'Kabo', 20);
INSERT INTO `property_lgas` (`lga_id`, `lga_name`, `state_id`) VALUES (390, 'Kano Municipal', 20);
INSERT INTO `property_lgas` (`lga_id`, `lga_name`, `state_id`) VALUES (391, 'Karaye', 20);
INSERT INTO `property_lgas` (`lga_id`, `lga_name`, `state_id`) VALUES (392, 'Kibiya', 20);
INSERT INTO `property_lgas` (`lga_id`, `lga_name`, `state_id`) VALUES (393, 'Kiru', 20);
INSERT INTO `property_lgas` (`lga_id`, `lga_name`, `state_id`) VALUES (394, 'Kumbotso', 20);
INSERT INTO `property_lgas` (`lga_id`, `lga_name`, `state_id`) VALUES (395, 'Kunchi', 20);
INSERT INTO `property_lgas` (`lga_id`, `lga_name`, `state_id`) VALUES (396, 'Kura', 20);
INSERT INTO `property_lgas` (`lga_id`, `lga_name`, `state_id`) VALUES (397, 'Madobi', 20);
INSERT INTO `property_lgas` (`lga_id`, `lga_name`, `state_id`) VALUES (398, 'Makoda', 20);
INSERT INTO `property_lgas` (`lga_id`, `lga_name`, `state_id`) VALUES (399, 'Minjibir', 20);
INSERT INTO `property_lgas` (`lga_id`, `lga_name`, `state_id`) VALUES (400, 'Nasarawa', 20);
INSERT INTO `property_lgas` (`lga_id`, `lga_name`, `state_id`) VALUES (401, 'Rano', 20);
INSERT INTO `property_lgas` (`lga_id`, `lga_name`, `state_id`) VALUES (402, 'Rimin Gado', 20);
INSERT INTO `property_lgas` (`lga_id`, `lga_name`, `state_id`) VALUES (403, 'Rogo', 20);
INSERT INTO `property_lgas` (`lga_id`, `lga_name`, `state_id`) VALUES (404, 'Shanono', 20);
INSERT INTO `property_lgas` (`lga_id`, `lga_name`, `state_id`) VALUES (405, 'Sumaila', 20);
INSERT INTO `property_lgas` (`lga_id`, `lga_name`, `state_id`) VALUES (406, 'Takai', 20);
INSERT INTO `property_lgas` (`lga_id`, `lga_name`, `state_id`) VALUES (407, 'Tarauni', 20);
INSERT INTO `property_lgas` (`lga_id`, `lga_name`, `state_id`) VALUES (408, 'Tofa', 20);
INSERT INTO `property_lgas` (`lga_id`, `lga_name`, `state_id`) VALUES (409, 'Tsanyawa', 20);
INSERT INTO `property_lgas` (`lga_id`, `lga_name`, `state_id`) VALUES (410, 'Tudun Wada', 20);
INSERT INTO `property_lgas` (`lga_id`, `lga_name`, `state_id`) VALUES (411, 'Ungogo', 20);
INSERT INTO `property_lgas` (`lga_id`, `lga_name`, `state_id`) VALUES (412, 'Warawa', 20);
INSERT INTO `property_lgas` (`lga_id`, `lga_name`, `state_id`) VALUES (413, 'Wudil', 20);
INSERT INTO `property_lgas` (`lga_id`, `lga_name`, `state_id`) VALUES (414, 'Bakori', 21);
INSERT INTO `property_lgas` (`lga_id`, `lga_name`, `state_id`) VALUES (415, 'Batagarawa', 21);
INSERT INTO `property_lgas` (`lga_id`, `lga_name`, `state_id`) VALUES (416, 'Batsari', 21);
INSERT INTO `property_lgas` (`lga_id`, `lga_name`, `state_id`) VALUES (417, 'Baure', 21);
INSERT INTO `property_lgas` (`lga_id`, `lga_name`, `state_id`) VALUES (418, 'Bindawa', 21);
INSERT INTO `property_lgas` (`lga_id`, `lga_name`, `state_id`) VALUES (419, 'Charanchi', 21);
INSERT INTO `property_lgas` (`lga_id`, `lga_name`, `state_id`) VALUES (420, 'Dan Musa', 21);
INSERT INTO `property_lgas` (`lga_id`, `lga_name`, `state_id`) VALUES (421, 'Dandume', 21);
INSERT INTO `property_lgas` (`lga_id`, `lga_name`, `state_id`) VALUES (422, 'Danja', 21);
INSERT INTO `property_lgas` (`lga_id`, `lga_name`, `state_id`) VALUES (423, 'Daura', 21);
INSERT INTO `property_lgas` (`lga_id`, `lga_name`, `state_id`) VALUES (424, 'Dutsi', 21);
INSERT INTO `property_lgas` (`lga_id`, `lga_name`, `state_id`) VALUES (425, 'Dutsin Ma', 21);
INSERT INTO `property_lgas` (`lga_id`, `lga_name`, `state_id`) VALUES (426, 'Faskari', 21);
INSERT INTO `property_lgas` (`lga_id`, `lga_name`, `state_id`) VALUES (427, 'Funtua', 21);
INSERT INTO `property_lgas` (`lga_id`, `lga_name`, `state_id`) VALUES (428, 'Ingawa', 21);
INSERT INTO `property_lgas` (`lga_id`, `lga_name`, `state_id`) VALUES (429, 'Jibia', 21);
INSERT INTO `property_lgas` (`lga_id`, `lga_name`, `state_id`) VALUES (430, 'Kafur', 21);
INSERT INTO `property_lgas` (`lga_id`, `lga_name`, `state_id`) VALUES (431, 'Kaita', 21);
INSERT INTO `property_lgas` (`lga_id`, `lga_name`, `state_id`) VALUES (432, 'Kankara', 21);
INSERT INTO `property_lgas` (`lga_id`, `lga_name`, `state_id`) VALUES (433, 'Kankia', 21);
INSERT INTO `property_lgas` (`lga_id`, `lga_name`, `state_id`) VALUES (434, 'Katsina', 21);
INSERT INTO `property_lgas` (`lga_id`, `lga_name`, `state_id`) VALUES (435, 'Kurfi', 21);
INSERT INTO `property_lgas` (`lga_id`, `lga_name`, `state_id`) VALUES (436, 'Kusada', 21);
INSERT INTO `property_lgas` (`lga_id`, `lga_name`, `state_id`) VALUES (437, 'Mai\'Adua', 21);
INSERT INTO `property_lgas` (`lga_id`, `lga_name`, `state_id`) VALUES (438, 'Malumfashi', 21);
INSERT INTO `property_lgas` (`lga_id`, `lga_name`, `state_id`) VALUES (439, 'Mani', 21);
INSERT INTO `property_lgas` (`lga_id`, `lga_name`, `state_id`) VALUES (440, 'Mashi', 21);
INSERT INTO `property_lgas` (`lga_id`, `lga_name`, `state_id`) VALUES (441, 'Matazu', 21);
INSERT INTO `property_lgas` (`lga_id`, `lga_name`, `state_id`) VALUES (442, 'Musawa', 21);
INSERT INTO `property_lgas` (`lga_id`, `lga_name`, `state_id`) VALUES (443, 'Rimi', 21);
INSERT INTO `property_lgas` (`lga_id`, `lga_name`, `state_id`) VALUES (444, 'Sabuwa', 21);
INSERT INTO `property_lgas` (`lga_id`, `lga_name`, `state_id`) VALUES (445, 'Safana', 21);
INSERT INTO `property_lgas` (`lga_id`, `lga_name`, `state_id`) VALUES (446, 'Sandamu', 21);
INSERT INTO `property_lgas` (`lga_id`, `lga_name`, `state_id`) VALUES (447, 'Zango', 21);
INSERT INTO `property_lgas` (`lga_id`, `lga_name`, `state_id`) VALUES (448, 'Aleiro', 22);
INSERT INTO `property_lgas` (`lga_id`, `lga_name`, `state_id`) VALUES (449, 'Arewa Dandi', 22);
INSERT INTO `property_lgas` (`lga_id`, `lga_name`, `state_id`) VALUES (450, 'Argungu', 22);
INSERT INTO `property_lgas` (`lga_id`, `lga_name`, `state_id`) VALUES (451, 'Augie', 22);
INSERT INTO `property_lgas` (`lga_id`, `lga_name`, `state_id`) VALUES (452, 'Bagudo', 22);
INSERT INTO `property_lgas` (`lga_id`, `lga_name`, `state_id`) VALUES (453, 'Birnin Kebbi', 22);
INSERT INTO `property_lgas` (`lga_id`, `lga_name`, `state_id`) VALUES (454, 'Bunza', 22);
INSERT INTO `property_lgas` (`lga_id`, `lga_name`, `state_id`) VALUES (455, 'Dandi', 22);
INSERT INTO `property_lgas` (`lga_id`, `lga_name`, `state_id`) VALUES (456, 'Fakai', 22);
INSERT INTO `property_lgas` (`lga_id`, `lga_name`, `state_id`) VALUES (457, 'Gwandu', 22);
INSERT INTO `property_lgas` (`lga_id`, `lga_name`, `state_id`) VALUES (458, 'Jega', 22);
INSERT INTO `property_lgas` (`lga_id`, `lga_name`, `state_id`) VALUES (459, 'Kalgo', 22);
INSERT INTO `property_lgas` (`lga_id`, `lga_name`, `state_id`) VALUES (460, 'Koko/Besse', 22);
INSERT INTO `property_lgas` (`lga_id`, `lga_name`, `state_id`) VALUES (461, 'Maiyama', 22);
INSERT INTO `property_lgas` (`lga_id`, `lga_name`, `state_id`) VALUES (462, 'Ngaski', 22);
INSERT INTO `property_lgas` (`lga_id`, `lga_name`, `state_id`) VALUES (463, 'Sakaba', 22);
INSERT INTO `property_lgas` (`lga_id`, `lga_name`, `state_id`) VALUES (464, 'Shanga', 22);
INSERT INTO `property_lgas` (`lga_id`, `lga_name`, `state_id`) VALUES (465, 'Suru', 22);
INSERT INTO `property_lgas` (`lga_id`, `lga_name`, `state_id`) VALUES (466, 'Wasagu/Danko', 22);
INSERT INTO `property_lgas` (`lga_id`, `lga_name`, `state_id`) VALUES (467, 'Yauri', 22);
INSERT INTO `property_lgas` (`lga_id`, `lga_name`, `state_id`) VALUES (468, 'Zuru', 22);
INSERT INTO `property_lgas` (`lga_id`, `lga_name`, `state_id`) VALUES (469, 'Adavi', 23);
INSERT INTO `property_lgas` (`lga_id`, `lga_name`, `state_id`) VALUES (470, 'Ajaokuta', 23);
INSERT INTO `property_lgas` (`lga_id`, `lga_name`, `state_id`) VALUES (471, 'Ankpa', 23);
INSERT INTO `property_lgas` (`lga_id`, `lga_name`, `state_id`) VALUES (472, 'Bassa', 23);
INSERT INTO `property_lgas` (`lga_id`, `lga_name`, `state_id`) VALUES (473, 'Dekina', 23);
INSERT INTO `property_lgas` (`lga_id`, `lga_name`, `state_id`) VALUES (474, 'Ibaji', 23);
INSERT INTO `property_lgas` (`lga_id`, `lga_name`, `state_id`) VALUES (475, 'Idah', 23);
INSERT INTO `property_lgas` (`lga_id`, `lga_name`, `state_id`) VALUES (476, 'Igalamela Odolu', 23);
INSERT INTO `property_lgas` (`lga_id`, `lga_name`, `state_id`) VALUES (477, 'Ijumu', 23);
INSERT INTO `property_lgas` (`lga_id`, `lga_name`, `state_id`) VALUES (478, 'Kabba/Bunu', 23);
INSERT INTO `property_lgas` (`lga_id`, `lga_name`, `state_id`) VALUES (479, 'Kogi', 23);
INSERT INTO `property_lgas` (`lga_id`, `lga_name`, `state_id`) VALUES (480, 'Lokoja', 23);
INSERT INTO `property_lgas` (`lga_id`, `lga_name`, `state_id`) VALUES (481, 'Mopa Muro', 23);
INSERT INTO `property_lgas` (`lga_id`, `lga_name`, `state_id`) VALUES (482, 'Ofu', 23);
INSERT INTO `property_lgas` (`lga_id`, `lga_name`, `state_id`) VALUES (483, 'Ogori/Magongo', 23);
INSERT INTO `property_lgas` (`lga_id`, `lga_name`, `state_id`) VALUES (484, 'Okehi', 23);
INSERT INTO `property_lgas` (`lga_id`, `lga_name`, `state_id`) VALUES (485, 'Okene', 23);
INSERT INTO `property_lgas` (`lga_id`, `lga_name`, `state_id`) VALUES (486, 'Olamaboro', 23);
INSERT INTO `property_lgas` (`lga_id`, `lga_name`, `state_id`) VALUES (487, 'Omala', 23);
INSERT INTO `property_lgas` (`lga_id`, `lga_name`, `state_id`) VALUES (488, 'Yagba East', 23);
INSERT INTO `property_lgas` (`lga_id`, `lga_name`, `state_id`) VALUES (489, 'Yagba West', 23);
INSERT INTO `property_lgas` (`lga_id`, `lga_name`, `state_id`) VALUES (490, 'Asa', 24);
INSERT INTO `property_lgas` (`lga_id`, `lga_name`, `state_id`) VALUES (491, 'Baruten', 24);
INSERT INTO `property_lgas` (`lga_id`, `lga_name`, `state_id`) VALUES (492, 'Edu', 24);
INSERT INTO `property_lgas` (`lga_id`, `lga_name`, `state_id`) VALUES (493, 'Ekiti', 24);
INSERT INTO `property_lgas` (`lga_id`, `lga_name`, `state_id`) VALUES (494, 'Ifelodun', 24);
INSERT INTO `property_lgas` (`lga_id`, `lga_name`, `state_id`) VALUES (495, 'Ilorin East', 24);
INSERT INTO `property_lgas` (`lga_id`, `lga_name`, `state_id`) VALUES (496, 'Ilorin South', 24);
INSERT INTO `property_lgas` (`lga_id`, `lga_name`, `state_id`) VALUES (497, 'Ilorin West', 24);
INSERT INTO `property_lgas` (`lga_id`, `lga_name`, `state_id`) VALUES (498, 'Irepodun', 24);
INSERT INTO `property_lgas` (`lga_id`, `lga_name`, `state_id`) VALUES (499, 'Isin', 24);
INSERT INTO `property_lgas` (`lga_id`, `lga_name`, `state_id`) VALUES (500, 'Kaiama', 24);
INSERT INTO `property_lgas` (`lga_id`, `lga_name`, `state_id`) VALUES (501, 'Moro', 24);
INSERT INTO `property_lgas` (`lga_id`, `lga_name`, `state_id`) VALUES (502, 'Offa', 24);
INSERT INTO `property_lgas` (`lga_id`, `lga_name`, `state_id`) VALUES (503, 'Oke Ero', 24);
INSERT INTO `property_lgas` (`lga_id`, `lga_name`, `state_id`) VALUES (504, 'Oyun', 24);
INSERT INTO `property_lgas` (`lga_id`, `lga_name`, `state_id`) VALUES (505, 'Pategi', 24);
INSERT INTO `property_lgas` (`lga_id`, `lga_name`, `state_id`) VALUES (506, 'Agege', 25);
INSERT INTO `property_lgas` (`lga_id`, `lga_name`, `state_id`) VALUES (507, 'Ajeromi-Ifelodun', 25);
INSERT INTO `property_lgas` (`lga_id`, `lga_name`, `state_id`) VALUES (508, 'Alimosho', 25);
INSERT INTO `property_lgas` (`lga_id`, `lga_name`, `state_id`) VALUES (509, 'Amuwo-Odofin', 25);
INSERT INTO `property_lgas` (`lga_id`, `lga_name`, `state_id`) VALUES (510, 'Apapa', 25);
INSERT INTO `property_lgas` (`lga_id`, `lga_name`, `state_id`) VALUES (511, 'Badagry', 25);
INSERT INTO `property_lgas` (`lga_id`, `lga_name`, `state_id`) VALUES (512, 'Epe', 25);
INSERT INTO `property_lgas` (`lga_id`, `lga_name`, `state_id`) VALUES (513, 'Eti Osa', 25);
INSERT INTO `property_lgas` (`lga_id`, `lga_name`, `state_id`) VALUES (514, 'Ibeju-Lekki', 25);
INSERT INTO `property_lgas` (`lga_id`, `lga_name`, `state_id`) VALUES (515, 'Ifako-Ijaiye', 25);
INSERT INTO `property_lgas` (`lga_id`, `lga_name`, `state_id`) VALUES (516, 'Ikeja', 25);
INSERT INTO `property_lgas` (`lga_id`, `lga_name`, `state_id`) VALUES (517, 'Ikorodu', 25);
INSERT INTO `property_lgas` (`lga_id`, `lga_name`, `state_id`) VALUES (518, 'Kosofe', 25);
INSERT INTO `property_lgas` (`lga_id`, `lga_name`, `state_id`) VALUES (519, 'Lagos Island', 25);
INSERT INTO `property_lgas` (`lga_id`, `lga_name`, `state_id`) VALUES (520, 'Lagos Mainland', 25);
INSERT INTO `property_lgas` (`lga_id`, `lga_name`, `state_id`) VALUES (521, 'Mushin', 25);
INSERT INTO `property_lgas` (`lga_id`, `lga_name`, `state_id`) VALUES (522, 'Ojo', 25);
INSERT INTO `property_lgas` (`lga_id`, `lga_name`, `state_id`) VALUES (523, 'Oshodi-Isolo', 25);
INSERT INTO `property_lgas` (`lga_id`, `lga_name`, `state_id`) VALUES (524, 'Shomolu', 25);
INSERT INTO `property_lgas` (`lga_id`, `lga_name`, `state_id`) VALUES (525, 'Surulere', 25);
INSERT INTO `property_lgas` (`lga_id`, `lga_name`, `state_id`) VALUES (526, 'Akwanga', 26);
INSERT INTO `property_lgas` (`lga_id`, `lga_name`, `state_id`) VALUES (527, 'Awe', 26);
INSERT INTO `property_lgas` (`lga_id`, `lga_name`, `state_id`) VALUES (528, 'Doma', 26);
INSERT INTO `property_lgas` (`lga_id`, `lga_name`, `state_id`) VALUES (529, 'Karu', 26);
INSERT INTO `property_lgas` (`lga_id`, `lga_name`, `state_id`) VALUES (530, 'Keana', 26);
INSERT INTO `property_lgas` (`lga_id`, `lga_name`, `state_id`) VALUES (531, 'Keffi', 26);
INSERT INTO `property_lgas` (`lga_id`, `lga_name`, `state_id`) VALUES (532, 'Kokona', 26);
INSERT INTO `property_lgas` (`lga_id`, `lga_name`, `state_id`) VALUES (533, 'Lafia', 26);
INSERT INTO `property_lgas` (`lga_id`, `lga_name`, `state_id`) VALUES (534, 'Nasarawa', 26);
INSERT INTO `property_lgas` (`lga_id`, `lga_name`, `state_id`) VALUES (535, 'Nasarawa Egon', 26);
INSERT INTO `property_lgas` (`lga_id`, `lga_name`, `state_id`) VALUES (536, 'Obi', 26);
INSERT INTO `property_lgas` (`lga_id`, `lga_name`, `state_id`) VALUES (537, 'Toto', 26);
INSERT INTO `property_lgas` (`lga_id`, `lga_name`, `state_id`) VALUES (538, 'Wamba', 26);
INSERT INTO `property_lgas` (`lga_id`, `lga_name`, `state_id`) VALUES (539, 'Agaie', 27);
INSERT INTO `property_lgas` (`lga_id`, `lga_name`, `state_id`) VALUES (540, 'Agwara', 27);
INSERT INTO `property_lgas` (`lga_id`, `lga_name`, `state_id`) VALUES (541, 'Bida', 27);
INSERT INTO `property_lgas` (`lga_id`, `lga_name`, `state_id`) VALUES (542, 'Borgu', 27);
INSERT INTO `property_lgas` (`lga_id`, `lga_name`, `state_id`) VALUES (543, 'Bosso', 27);
INSERT INTO `property_lgas` (`lga_id`, `lga_name`, `state_id`) VALUES (544, 'Chanchaga', 27);
INSERT INTO `property_lgas` (`lga_id`, `lga_name`, `state_id`) VALUES (545, 'Edati', 27);
INSERT INTO `property_lgas` (`lga_id`, `lga_name`, `state_id`) VALUES (546, 'Gbako', 27);
INSERT INTO `property_lgas` (`lga_id`, `lga_name`, `state_id`) VALUES (547, 'Gurara', 27);
INSERT INTO `property_lgas` (`lga_id`, `lga_name`, `state_id`) VALUES (548, 'Katcha', 27);
INSERT INTO `property_lgas` (`lga_id`, `lga_name`, `state_id`) VALUES (549, 'Kontagora', 27);
INSERT INTO `property_lgas` (`lga_id`, `lga_name`, `state_id`) VALUES (550, 'Lapai', 27);
INSERT INTO `property_lgas` (`lga_id`, `lga_name`, `state_id`) VALUES (551, 'Lavun', 27);
INSERT INTO `property_lgas` (`lga_id`, `lga_name`, `state_id`) VALUES (552, 'Magama', 27);
INSERT INTO `property_lgas` (`lga_id`, `lga_name`, `state_id`) VALUES (553, 'Mariga', 27);
INSERT INTO `property_lgas` (`lga_id`, `lga_name`, `state_id`) VALUES (554, 'Mashegu', 27);
INSERT INTO `property_lgas` (`lga_id`, `lga_name`, `state_id`) VALUES (555, 'Mokwa', 27);
INSERT INTO `property_lgas` (`lga_id`, `lga_name`, `state_id`) VALUES (556, 'Moya', 27);
INSERT INTO `property_lgas` (`lga_id`, `lga_name`, `state_id`) VALUES (557, 'Paikoro', 27);
INSERT INTO `property_lgas` (`lga_id`, `lga_name`, `state_id`) VALUES (558, 'Rafi', 27);
INSERT INTO `property_lgas` (`lga_id`, `lga_name`, `state_id`) VALUES (559, 'Rijau', 27);
INSERT INTO `property_lgas` (`lga_id`, `lga_name`, `state_id`) VALUES (560, 'Shiroro', 27);
INSERT INTO `property_lgas` (`lga_id`, `lga_name`, `state_id`) VALUES (561, 'Suleja', 27);
INSERT INTO `property_lgas` (`lga_id`, `lga_name`, `state_id`) VALUES (562, 'Tafa', 27);
INSERT INTO `property_lgas` (`lga_id`, `lga_name`, `state_id`) VALUES (563, 'Wushishi', 27);
INSERT INTO `property_lgas` (`lga_id`, `lga_name`, `state_id`) VALUES (564, 'Abeokuta North', 28);
INSERT INTO `property_lgas` (`lga_id`, `lga_name`, `state_id`) VALUES (565, 'Abeokuta South', 28);
INSERT INTO `property_lgas` (`lga_id`, `lga_name`, `state_id`) VALUES (566, 'Ado-Odo/Ota', 28);
INSERT INTO `property_lgas` (`lga_id`, `lga_name`, `state_id`) VALUES (567, 'Egbado North', 28);
INSERT INTO `property_lgas` (`lga_id`, `lga_name`, `state_id`) VALUES (568, 'Egbado South', 28);
INSERT INTO `property_lgas` (`lga_id`, `lga_name`, `state_id`) VALUES (569, 'Ewekoro', 28);
INSERT INTO `property_lgas` (`lga_id`, `lga_name`, `state_id`) VALUES (570, 'Ifo', 28);
INSERT INTO `property_lgas` (`lga_id`, `lga_name`, `state_id`) VALUES (571, 'Ijebu East', 28);
INSERT INTO `property_lgas` (`lga_id`, `lga_name`, `state_id`) VALUES (572, 'Ijebu North', 28);
INSERT INTO `property_lgas` (`lga_id`, `lga_name`, `state_id`) VALUES (573, 'Ijebu North East', 28);
INSERT INTO `property_lgas` (`lga_id`, `lga_name`, `state_id`) VALUES (574, 'Ijebu Ode', 28);
INSERT INTO `property_lgas` (`lga_id`, `lga_name`, `state_id`) VALUES (575, 'Ikenne', 28);
INSERT INTO `property_lgas` (`lga_id`, `lga_name`, `state_id`) VALUES (576, 'Imeko Afon', 28);
INSERT INTO `property_lgas` (`lga_id`, `lga_name`, `state_id`) VALUES (577, 'Ipokia', 28);
INSERT INTO `property_lgas` (`lga_id`, `lga_name`, `state_id`) VALUES (578, 'Obafemi Owode', 28);
INSERT INTO `property_lgas` (`lga_id`, `lga_name`, `state_id`) VALUES (579, 'Odeda', 28);
INSERT INTO `property_lgas` (`lga_id`, `lga_name`, `state_id`) VALUES (580, 'Odogbolu', 28);
INSERT INTO `property_lgas` (`lga_id`, `lga_name`, `state_id`) VALUES (581, 'Ogun Waterside', 28);
INSERT INTO `property_lgas` (`lga_id`, `lga_name`, `state_id`) VALUES (582, 'Remo North', 28);
INSERT INTO `property_lgas` (`lga_id`, `lga_name`, `state_id`) VALUES (583, 'Shagamu', 28);
INSERT INTO `property_lgas` (`lga_id`, `lga_name`, `state_id`) VALUES (584, 'Akoko North-East', 29);
INSERT INTO `property_lgas` (`lga_id`, `lga_name`, `state_id`) VALUES (585, 'Akoko North-West', 29);
INSERT INTO `property_lgas` (`lga_id`, `lga_name`, `state_id`) VALUES (586, 'Akoko South-East', 29);
INSERT INTO `property_lgas` (`lga_id`, `lga_name`, `state_id`) VALUES (587, 'Akoko South-West', 29);
INSERT INTO `property_lgas` (`lga_id`, `lga_name`, `state_id`) VALUES (588, 'Akure North', 29);
INSERT INTO `property_lgas` (`lga_id`, `lga_name`, `state_id`) VALUES (589, 'Akure South', 29);
INSERT INTO `property_lgas` (`lga_id`, `lga_name`, `state_id`) VALUES (590, 'Ese Odo', 29);
INSERT INTO `property_lgas` (`lga_id`, `lga_name`, `state_id`) VALUES (591, 'Idanre', 29);
INSERT INTO `property_lgas` (`lga_id`, `lga_name`, `state_id`) VALUES (592, 'Ifedore', 29);
INSERT INTO `property_lgas` (`lga_id`, `lga_name`, `state_id`) VALUES (593, 'Ilaje', 29);
INSERT INTO `property_lgas` (`lga_id`, `lga_name`, `state_id`) VALUES (594, 'Ile Oluji/Okeigbo', 29);
INSERT INTO `property_lgas` (`lga_id`, `lga_name`, `state_id`) VALUES (595, 'Irele', 29);
INSERT INTO `property_lgas` (`lga_id`, `lga_name`, `state_id`) VALUES (596, 'Odigbo', 29);
INSERT INTO `property_lgas` (`lga_id`, `lga_name`, `state_id`) VALUES (597, 'Okitipupa', 29);
INSERT INTO `property_lgas` (`lga_id`, `lga_name`, `state_id`) VALUES (598, 'Ondo East', 29);
INSERT INTO `property_lgas` (`lga_id`, `lga_name`, `state_id`) VALUES (599, 'Ondo West', 29);
INSERT INTO `property_lgas` (`lga_id`, `lga_name`, `state_id`) VALUES (600, 'Ose', 29);
INSERT INTO `property_lgas` (`lga_id`, `lga_name`, `state_id`) VALUES (601, 'Owo', 29);
INSERT INTO `property_lgas` (`lga_id`, `lga_name`, `state_id`) VALUES (602, 'Aiyedire', 30);
INSERT INTO `property_lgas` (`lga_id`, `lga_name`, `state_id`) VALUES (603, 'Atakunmosa East', 30);
INSERT INTO `property_lgas` (`lga_id`, `lga_name`, `state_id`) VALUES (604, 'Atakunmosa West', 30);
INSERT INTO `property_lgas` (`lga_id`, `lga_name`, `state_id`) VALUES (605, 'Boluwaduro', 30);
INSERT INTO `property_lgas` (`lga_id`, `lga_name`, `state_id`) VALUES (606, 'Boripe', 30);
INSERT INTO `property_lgas` (`lga_id`, `lga_name`, `state_id`) VALUES (607, 'Ede North', 30);
INSERT INTO `property_lgas` (`lga_id`, `lga_name`, `state_id`) VALUES (608, 'Ede South', 30);
INSERT INTO `property_lgas` (`lga_id`, `lga_name`, `state_id`) VALUES (609, 'Egbedore', 30);
INSERT INTO `property_lgas` (`lga_id`, `lga_name`, `state_id`) VALUES (610, 'Ejigbo', 30);
INSERT INTO `property_lgas` (`lga_id`, `lga_name`, `state_id`) VALUES (611, 'Ife Central', 30);
INSERT INTO `property_lgas` (`lga_id`, `lga_name`, `state_id`) VALUES (612, 'Ife East', 30);
INSERT INTO `property_lgas` (`lga_id`, `lga_name`, `state_id`) VALUES (613, 'Ife North', 30);
INSERT INTO `property_lgas` (`lga_id`, `lga_name`, `state_id`) VALUES (614, 'Ife South', 30);
INSERT INTO `property_lgas` (`lga_id`, `lga_name`, `state_id`) VALUES (615, 'Ifedayo', 30);
INSERT INTO `property_lgas` (`lga_id`, `lga_name`, `state_id`) VALUES (616, 'Ifelodun', 30);
INSERT INTO `property_lgas` (`lga_id`, `lga_name`, `state_id`) VALUES (617, 'Ila', 30);
INSERT INTO `property_lgas` (`lga_id`, `lga_name`, `state_id`) VALUES (618, 'Ilesa East', 30);
INSERT INTO `property_lgas` (`lga_id`, `lga_name`, `state_id`) VALUES (619, 'Ilesa West', 30);
INSERT INTO `property_lgas` (`lga_id`, `lga_name`, `state_id`) VALUES (620, 'Irepodun', 30);
INSERT INTO `property_lgas` (`lga_id`, `lga_name`, `state_id`) VALUES (621, 'Irewole', 30);
INSERT INTO `property_lgas` (`lga_id`, `lga_name`, `state_id`) VALUES (622, 'Isokan', 30);
INSERT INTO `property_lgas` (`lga_id`, `lga_name`, `state_id`) VALUES (623, 'Iwo', 30);
INSERT INTO `property_lgas` (`lga_id`, `lga_name`, `state_id`) VALUES (624, 'Obokun', 30);
INSERT INTO `property_lgas` (`lga_id`, `lga_name`, `state_id`) VALUES (625, 'Odo Otin', 30);
INSERT INTO `property_lgas` (`lga_id`, `lga_name`, `state_id`) VALUES (626, 'Ola Oluwa', 30);
INSERT INTO `property_lgas` (`lga_id`, `lga_name`, `state_id`) VALUES (627, 'Olorunda', 30);
INSERT INTO `property_lgas` (`lga_id`, `lga_name`, `state_id`) VALUES (628, 'Oriade', 30);
INSERT INTO `property_lgas` (`lga_id`, `lga_name`, `state_id`) VALUES (629, 'Orolu', 30);
INSERT INTO `property_lgas` (`lga_id`, `lga_name`, `state_id`) VALUES (630, 'Osogbo', 30);
INSERT INTO `property_lgas` (`lga_id`, `lga_name`, `state_id`) VALUES (631, 'Ayedaade', 30);
INSERT INTO `property_lgas` (`lga_id`, `lga_name`, `state_id`) VALUES (632, 'Afijio', 31);
INSERT INTO `property_lgas` (`lga_id`, `lga_name`, `state_id`) VALUES (633, 'Akinyele', 31);
INSERT INTO `property_lgas` (`lga_id`, `lga_name`, `state_id`) VALUES (634, 'Atiba', 31);
INSERT INTO `property_lgas` (`lga_id`, `lga_name`, `state_id`) VALUES (635, 'Atisbo', 31);
INSERT INTO `property_lgas` (`lga_id`, `lga_name`, `state_id`) VALUES (636, 'Egbeda', 31);
INSERT INTO `property_lgas` (`lga_id`, `lga_name`, `state_id`) VALUES (637, 'Ibadan North', 31);
INSERT INTO `property_lgas` (`lga_id`, `lga_name`, `state_id`) VALUES (638, 'Ibadan North-East', 31);
INSERT INTO `property_lgas` (`lga_id`, `lga_name`, `state_id`) VALUES (639, 'Ibadan North-West', 31);
INSERT INTO `property_lgas` (`lga_id`, `lga_name`, `state_id`) VALUES (640, 'Ibadan South-East', 31);
INSERT INTO `property_lgas` (`lga_id`, `lga_name`, `state_id`) VALUES (641, 'Ibadan South-West', 31);
INSERT INTO `property_lgas` (`lga_id`, `lga_name`, `state_id`) VALUES (642, 'Ibarapa Central', 31);
INSERT INTO `property_lgas` (`lga_id`, `lga_name`, `state_id`) VALUES (643, 'Ibarapa East', 31);
INSERT INTO `property_lgas` (`lga_id`, `lga_name`, `state_id`) VALUES (644, 'Ibarapa North', 31);
INSERT INTO `property_lgas` (`lga_id`, `lga_name`, `state_id`) VALUES (645, 'Ido', 31);
INSERT INTO `property_lgas` (`lga_id`, `lga_name`, `state_id`) VALUES (646, 'Irepo', 31);
INSERT INTO `property_lgas` (`lga_id`, `lga_name`, `state_id`) VALUES (647, 'Iseyin', 31);
INSERT INTO `property_lgas` (`lga_id`, `lga_name`, `state_id`) VALUES (648, 'Itesiwaju', 31);
INSERT INTO `property_lgas` (`lga_id`, `lga_name`, `state_id`) VALUES (649, 'Iwajowa', 31);
INSERT INTO `property_lgas` (`lga_id`, `lga_name`, `state_id`) VALUES (650, 'Kajola', 31);
INSERT INTO `property_lgas` (`lga_id`, `lga_name`, `state_id`) VALUES (651, 'Lagelu', 31);
INSERT INTO `property_lgas` (`lga_id`, `lga_name`, `state_id`) VALUES (652, 'Ogbomoso North', 31);
INSERT INTO `property_lgas` (`lga_id`, `lga_name`, `state_id`) VALUES (653, 'Ogbomoso South', 31);
INSERT INTO `property_lgas` (`lga_id`, `lga_name`, `state_id`) VALUES (654, 'Ogo Oluwa', 31);
INSERT INTO `property_lgas` (`lga_id`, `lga_name`, `state_id`) VALUES (655, 'Olorunsogo', 31);
INSERT INTO `property_lgas` (`lga_id`, `lga_name`, `state_id`) VALUES (656, 'Oluyole', 31);
INSERT INTO `property_lgas` (`lga_id`, `lga_name`, `state_id`) VALUES (657, 'Ona Ara', 31);
INSERT INTO `property_lgas` (`lga_id`, `lga_name`, `state_id`) VALUES (658, 'Orelope', 31);
INSERT INTO `property_lgas` (`lga_id`, `lga_name`, `state_id`) VALUES (659, 'Ori Ire', 31);
INSERT INTO `property_lgas` (`lga_id`, `lga_name`, `state_id`) VALUES (660, 'Oyo East', 31);
INSERT INTO `property_lgas` (`lga_id`, `lga_name`, `state_id`) VALUES (661, 'Oyo West', 31);
INSERT INTO `property_lgas` (`lga_id`, `lga_name`, `state_id`) VALUES (662, 'Saki East', 31);
INSERT INTO `property_lgas` (`lga_id`, `lga_name`, `state_id`) VALUES (663, 'Saki West', 31);
INSERT INTO `property_lgas` (`lga_id`, `lga_name`, `state_id`) VALUES (664, 'Surulere', 31);
INSERT INTO `property_lgas` (`lga_id`, `lga_name`, `state_id`) VALUES (665, 'Barkin Ladi', 32);
INSERT INTO `property_lgas` (`lga_id`, `lga_name`, `state_id`) VALUES (666, 'Bassa', 32);
INSERT INTO `property_lgas` (`lga_id`, `lga_name`, `state_id`) VALUES (667, 'Bokkos', 32);
INSERT INTO `property_lgas` (`lga_id`, `lga_name`, `state_id`) VALUES (668, 'Jos East', 32);
INSERT INTO `property_lgas` (`lga_id`, `lga_name`, `state_id`) VALUES (669, 'Jos North', 32);
INSERT INTO `property_lgas` (`lga_id`, `lga_name`, `state_id`) VALUES (670, 'Jos South', 32);
INSERT INTO `property_lgas` (`lga_id`, `lga_name`, `state_id`) VALUES (671, 'Kanam', 32);
INSERT INTO `property_lgas` (`lga_id`, `lga_name`, `state_id`) VALUES (672, 'Kanke', 32);
INSERT INTO `property_lgas` (`lga_id`, `lga_name`, `state_id`) VALUES (673, 'Langtang North', 32);
INSERT INTO `property_lgas` (`lga_id`, `lga_name`, `state_id`) VALUES (674, 'Langtang South', 32);
INSERT INTO `property_lgas` (`lga_id`, `lga_name`, `state_id`) VALUES (675, 'Mangu', 32);
INSERT INTO `property_lgas` (`lga_id`, `lga_name`, `state_id`) VALUES (676, 'Mikang', 32);
INSERT INTO `property_lgas` (`lga_id`, `lga_name`, `state_id`) VALUES (677, 'Pankshin', 32);
INSERT INTO `property_lgas` (`lga_id`, `lga_name`, `state_id`) VALUES (678, 'Qua\'an Pan', 32);
INSERT INTO `property_lgas` (`lga_id`, `lga_name`, `state_id`) VALUES (679, 'Riyom', 32);
INSERT INTO `property_lgas` (`lga_id`, `lga_name`, `state_id`) VALUES (680, 'Shendam', 32);
INSERT INTO `property_lgas` (`lga_id`, `lga_name`, `state_id`) VALUES (681, 'Wase', 32);
INSERT INTO `property_lgas` (`lga_id`, `lga_name`, `state_id`) VALUES (682, 'Abua/Odual', 33);
INSERT INTO `property_lgas` (`lga_id`, `lga_name`, `state_id`) VALUES (683, 'Ahoada East', 33);
INSERT INTO `property_lgas` (`lga_id`, `lga_name`, `state_id`) VALUES (684, 'Ahoada West', 33);
INSERT INTO `property_lgas` (`lga_id`, `lga_name`, `state_id`) VALUES (685, 'Akuku-Toru', 33);
INSERT INTO `property_lgas` (`lga_id`, `lga_name`, `state_id`) VALUES (686, 'Andoni', 33);
INSERT INTO `property_lgas` (`lga_id`, `lga_name`, `state_id`) VALUES (687, 'Asari-Toru', 33);
INSERT INTO `property_lgas` (`lga_id`, `lga_name`, `state_id`) VALUES (688, 'Bonny', 33);
INSERT INTO `property_lgas` (`lga_id`, `lga_name`, `state_id`) VALUES (689, 'Degema', 33);
INSERT INTO `property_lgas` (`lga_id`, `lga_name`, `state_id`) VALUES (690, 'Eleme', 33);
INSERT INTO `property_lgas` (`lga_id`, `lga_name`, `state_id`) VALUES (691, 'Emohua', 33);
INSERT INTO `property_lgas` (`lga_id`, `lga_name`, `state_id`) VALUES (692, 'Etche', 33);
INSERT INTO `property_lgas` (`lga_id`, `lga_name`, `state_id`) VALUES (693, 'Gokana', 33);
INSERT INTO `property_lgas` (`lga_id`, `lga_name`, `state_id`) VALUES (694, 'Ikwerre', 33);
INSERT INTO `property_lgas` (`lga_id`, `lga_name`, `state_id`) VALUES (695, 'Khana', 33);
INSERT INTO `property_lgas` (`lga_id`, `lga_name`, `state_id`) VALUES (696, 'Obio/Akpor', 33);
INSERT INTO `property_lgas` (`lga_id`, `lga_name`, `state_id`) VALUES (697, 'Ogba/Egbema/Ndoni', 33);
INSERT INTO `property_lgas` (`lga_id`, `lga_name`, `state_id`) VALUES (698, 'Ogu/Bolo', 33);
INSERT INTO `property_lgas` (`lga_id`, `lga_name`, `state_id`) VALUES (699, 'Okrika', 33);
INSERT INTO `property_lgas` (`lga_id`, `lga_name`, `state_id`) VALUES (700, 'Omuma', 33);
INSERT INTO `property_lgas` (`lga_id`, `lga_name`, `state_id`) VALUES (701, 'Opobo/Nkoro', 33);
INSERT INTO `property_lgas` (`lga_id`, `lga_name`, `state_id`) VALUES (702, 'Oyigbo', 33);
INSERT INTO `property_lgas` (`lga_id`, `lga_name`, `state_id`) VALUES (703, 'Port Harcourt', 33);
INSERT INTO `property_lgas` (`lga_id`, `lga_name`, `state_id`) VALUES (704, 'Tai', 33);
INSERT INTO `property_lgas` (`lga_id`, `lga_name`, `state_id`) VALUES (705, 'Binji', 34);
INSERT INTO `property_lgas` (`lga_id`, `lga_name`, `state_id`) VALUES (706, 'Bodinga', 34);
INSERT INTO `property_lgas` (`lga_id`, `lga_name`, `state_id`) VALUES (707, 'Dange Shuni', 34);
INSERT INTO `property_lgas` (`lga_id`, `lga_name`, `state_id`) VALUES (708, 'Gada', 34);
INSERT INTO `property_lgas` (`lga_id`, `lga_name`, `state_id`) VALUES (709, 'Goronyo', 34);
INSERT INTO `property_lgas` (`lga_id`, `lga_name`, `state_id`) VALUES (710, 'Gudu', 34);
INSERT INTO `property_lgas` (`lga_id`, `lga_name`, `state_id`) VALUES (711, 'Gwadabawa', 34);
INSERT INTO `property_lgas` (`lga_id`, `lga_name`, `state_id`) VALUES (712, 'Illela', 34);
INSERT INTO `property_lgas` (`lga_id`, `lga_name`, `state_id`) VALUES (713, 'Isa', 34);
INSERT INTO `property_lgas` (`lga_id`, `lga_name`, `state_id`) VALUES (714, 'Kebbe', 34);
INSERT INTO `property_lgas` (`lga_id`, `lga_name`, `state_id`) VALUES (715, 'Kware', 34);
INSERT INTO `property_lgas` (`lga_id`, `lga_name`, `state_id`) VALUES (716, 'Rabah', 34);
INSERT INTO `property_lgas` (`lga_id`, `lga_name`, `state_id`) VALUES (717, 'Sabon Birni', 34);
INSERT INTO `property_lgas` (`lga_id`, `lga_name`, `state_id`) VALUES (718, 'Shagari', 34);
INSERT INTO `property_lgas` (`lga_id`, `lga_name`, `state_id`) VALUES (719, 'Silame', 34);
INSERT INTO `property_lgas` (`lga_id`, `lga_name`, `state_id`) VALUES (720, 'Sokoto North', 34);
INSERT INTO `property_lgas` (`lga_id`, `lga_name`, `state_id`) VALUES (721, 'Sokoto South', 34);
INSERT INTO `property_lgas` (`lga_id`, `lga_name`, `state_id`) VALUES (722, 'Tambuwal', 34);
INSERT INTO `property_lgas` (`lga_id`, `lga_name`, `state_id`) VALUES (723, 'Tangaza', 34);
INSERT INTO `property_lgas` (`lga_id`, `lga_name`, `state_id`) VALUES (724, 'Tureta', 34);
INSERT INTO `property_lgas` (`lga_id`, `lga_name`, `state_id`) VALUES (725, 'Wamako', 34);
INSERT INTO `property_lgas` (`lga_id`, `lga_name`, `state_id`) VALUES (726, 'Wurno', 34);
INSERT INTO `property_lgas` (`lga_id`, `lga_name`, `state_id`) VALUES (727, 'Yabo', 34);
INSERT INTO `property_lgas` (`lga_id`, `lga_name`, `state_id`) VALUES (728, 'Ardo Kola', 35);
INSERT INTO `property_lgas` (`lga_id`, `lga_name`, `state_id`) VALUES (729, 'Bali', 35);
INSERT INTO `property_lgas` (`lga_id`, `lga_name`, `state_id`) VALUES (730, 'Donga', 35);
INSERT INTO `property_lgas` (`lga_id`, `lga_name`, `state_id`) VALUES (731, 'Gashaka', 35);
INSERT INTO `property_lgas` (`lga_id`, `lga_name`, `state_id`) VALUES (732, 'Gassol', 35);
INSERT INTO `property_lgas` (`lga_id`, `lga_name`, `state_id`) VALUES (733, 'Ibi', 35);
INSERT INTO `property_lgas` (`lga_id`, `lga_name`, `state_id`) VALUES (734, 'Jalingo', 35);
INSERT INTO `property_lgas` (`lga_id`, `lga_name`, `state_id`) VALUES (735, 'Karim Lamido', 35);
INSERT INTO `property_lgas` (`lga_id`, `lga_name`, `state_id`) VALUES (736, 'Kurmi', 35);
INSERT INTO `property_lgas` (`lga_id`, `lga_name`, `state_id`) VALUES (737, 'Lau', 35);
INSERT INTO `property_lgas` (`lga_id`, `lga_name`, `state_id`) VALUES (738, 'Sardauna', 35);
INSERT INTO `property_lgas` (`lga_id`, `lga_name`, `state_id`) VALUES (739, 'Takum', 35);
INSERT INTO `property_lgas` (`lga_id`, `lga_name`, `state_id`) VALUES (740, 'Ussa', 35);
INSERT INTO `property_lgas` (`lga_id`, `lga_name`, `state_id`) VALUES (741, 'Wukari', 35);
INSERT INTO `property_lgas` (`lga_id`, `lga_name`, `state_id`) VALUES (742, 'Yorro', 35);
INSERT INTO `property_lgas` (`lga_id`, `lga_name`, `state_id`) VALUES (743, 'Zing', 35);
INSERT INTO `property_lgas` (`lga_id`, `lga_name`, `state_id`) VALUES (744, 'Bade', 36);
INSERT INTO `property_lgas` (`lga_id`, `lga_name`, `state_id`) VALUES (745, 'Bursari', 36);
INSERT INTO `property_lgas` (`lga_id`, `lga_name`, `state_id`) VALUES (746, 'Damaturu', 36);
INSERT INTO `property_lgas` (`lga_id`, `lga_name`, `state_id`) VALUES (747, 'Fika', 36);
INSERT INTO `property_lgas` (`lga_id`, `lga_name`, `state_id`) VALUES (748, 'Fune', 36);
INSERT INTO `property_lgas` (`lga_id`, `lga_name`, `state_id`) VALUES (749, 'Geidam', 36);
INSERT INTO `property_lgas` (`lga_id`, `lga_name`, `state_id`) VALUES (750, 'Gujba', 36);
INSERT INTO `property_lgas` (`lga_id`, `lga_name`, `state_id`) VALUES (751, 'Gulani', 36);
INSERT INTO `property_lgas` (`lga_id`, `lga_name`, `state_id`) VALUES (752, 'Jakusko', 36);
INSERT INTO `property_lgas` (`lga_id`, `lga_name`, `state_id`) VALUES (753, 'Karasuwa', 36);
INSERT INTO `property_lgas` (`lga_id`, `lga_name`, `state_id`) VALUES (754, 'Machina', 36);
INSERT INTO `property_lgas` (`lga_id`, `lga_name`, `state_id`) VALUES (755, 'Nangere', 36);
INSERT INTO `property_lgas` (`lga_id`, `lga_name`, `state_id`) VALUES (756, 'Nguru', 36);
INSERT INTO `property_lgas` (`lga_id`, `lga_name`, `state_id`) VALUES (757, 'Potiskum', 36);
INSERT INTO `property_lgas` (`lga_id`, `lga_name`, `state_id`) VALUES (758, 'Tarmuwa', 36);
INSERT INTO `property_lgas` (`lga_id`, `lga_name`, `state_id`) VALUES (759, 'Yunusari', 36);
INSERT INTO `property_lgas` (`lga_id`, `lga_name`, `state_id`) VALUES (760, 'Yusufari', 36);
INSERT INTO `property_lgas` (`lga_id`, `lga_name`, `state_id`) VALUES (761, 'Anka', 37);
INSERT INTO `property_lgas` (`lga_id`, `lga_name`, `state_id`) VALUES (762, 'Bakura', 37);
INSERT INTO `property_lgas` (`lga_id`, `lga_name`, `state_id`) VALUES (763, 'Birnin Magaji/Kiyaw', 37);
INSERT INTO `property_lgas` (`lga_id`, `lga_name`, `state_id`) VALUES (764, 'Bukkuyum', 37);
INSERT INTO `property_lgas` (`lga_id`, `lga_name`, `state_id`) VALUES (765, 'Bungudu', 37);
INSERT INTO `property_lgas` (`lga_id`, `lga_name`, `state_id`) VALUES (766, 'Gummi', 37);
INSERT INTO `property_lgas` (`lga_id`, `lga_name`, `state_id`) VALUES (767, 'Gusau', 37);
INSERT INTO `property_lgas` (`lga_id`, `lga_name`, `state_id`) VALUES (768, 'Kaura Namoda', 37);
INSERT INTO `property_lgas` (`lga_id`, `lga_name`, `state_id`) VALUES (769, 'Maradun', 37);
INSERT INTO `property_lgas` (`lga_id`, `lga_name`, `state_id`) VALUES (770, 'Maru', 37);
INSERT INTO `property_lgas` (`lga_id`, `lga_name`, `state_id`) VALUES (771, 'Shinkafi', 37);
INSERT INTO `property_lgas` (`lga_id`, `lga_name`, `state_id`) VALUES (772, 'Talata Mafara', 37);
INSERT INTO `property_lgas` (`lga_id`, `lga_name`, `state_id`) VALUES (773, 'Tsafe', 37);
INSERT INTO `property_lgas` (`lga_id`, `lga_name`, `state_id`) VALUES (774, 'Zurmi', 37);

-- Dumping data for table property_states
TRUNCATE TABLE `property_states`;
INSERT INTO `property_states` (`state_id`, `state_name`) VALUES (1, 'Abia');
INSERT INTO `property_states` (`state_id`, `state_name`) VALUES (2, 'Adamawa');
INSERT INTO `property_states` (`state_id`, `state_name`) VALUES (3, 'Akwa Ibom');
INSERT INTO `property_states` (`state_id`, `state_name`) VALUES (4, 'Anambra');
INSERT INTO `property_states` (`state_id`, `state_name`) VALUES (5, 'Bauchi');
INSERT INTO `property_states` (`state_id`, `state_name`) VALUES (6, 'Bayelsa');
INSERT INTO `property_states` (`state_id`, `state_name`) VALUES (7, 'Benue');
INSERT INTO `property_states` (`state_id`, `state_name`) VALUES (8, 'Borno');
INSERT INTO `property_states` (`state_id`, `state_name`) VALUES (9, 'Cross River');
INSERT INTO `property_states` (`state_id`, `state_name`) VALUES (10, 'Delta');
INSERT INTO `property_states` (`state_id`, `state_name`) VALUES (11, 'Ebonyi');
INSERT INTO `property_states` (`state_id`, `state_name`) VALUES (12, 'Edo');
INSERT INTO `property_states` (`state_id`, `state_name`) VALUES (13, 'Ekiti');
INSERT INTO `property_states` (`state_id`, `state_name`) VALUES (14, 'Enugu');
INSERT INTO `property_states` (`state_id`, `state_name`) VALUES (15, 'FCT - Abuja');
INSERT INTO `property_states` (`state_id`, `state_name`) VALUES (16, 'Gombe');
INSERT INTO `property_states` (`state_id`, `state_name`) VALUES (17, 'Imo');
INSERT INTO `property_states` (`state_id`, `state_name`) VALUES (18, 'Jigawa');
INSERT INTO `property_states` (`state_id`, `state_name`) VALUES (19, 'Kaduna');
INSERT INTO `property_states` (`state_id`, `state_name`) VALUES (20, 'Kano');
INSERT INTO `property_states` (`state_id`, `state_name`) VALUES (21, 'Katsina');
INSERT INTO `property_states` (`state_id`, `state_name`) VALUES (22, 'Kebbi');
INSERT INTO `property_states` (`state_id`, `state_name`) VALUES (23, 'Kogi');
INSERT INTO `property_states` (`state_id`, `state_name`) VALUES (24, 'Kwara');
INSERT INTO `property_states` (`state_id`, `state_name`) VALUES (25, 'Lagos');
INSERT INTO `property_states` (`state_id`, `state_name`) VALUES (26, 'Nasarawa');
INSERT INTO `property_states` (`state_id`, `state_name`) VALUES (27, 'Niger');
INSERT INTO `property_states` (`state_id`, `state_name`) VALUES (28, 'Ogun');
INSERT INTO `property_states` (`state_id`, `state_name`) VALUES (29, 'Ondo');
INSERT INTO `property_states` (`state_id`, `state_name`) VALUES (30, 'Osun');
INSERT INTO `property_states` (`state_id`, `state_name`) VALUES (31, 'Oyo');
INSERT INTO `property_states` (`state_id`, `state_name`) VALUES (32, 'Plateau');
INSERT INTO `property_states` (`state_id`, `state_name`) VALUES (33, 'Rivers');
INSERT INTO `property_states` (`state_id`, `state_name`) VALUES (34, 'Sokoto');
INSERT INTO `property_states` (`state_id`, `state_name`) VALUES (35, 'Taraba');
INSERT INTO `property_states` (`state_id`, `state_name`) VALUES (36, 'Yobe');
INSERT INTO `property_states` (`state_id`, `state_name`) VALUES (37, 'Zamfara');

-- Dumping data for table property_types
TRUNCATE TABLE `property_types`;
INSERT INTO `property_types` (`prop_type_id`, `prop_typename`) VALUES (1, 'Duplex');
INSERT INTO `property_types` (`prop_type_id`, `prop_typename`) VALUES (2, 'Apartment');
INSERT INTO `property_types` (`prop_type_id`, `prop_typename`) VALUES (3, 'Duplex');
INSERT INTO `property_types` (`prop_type_id`, `prop_typename`) VALUES (4, 'Villa');
INSERT INTO `property_types` (`prop_type_id`, `prop_typename`) VALUES (5, 'Studio');
INSERT INTO `property_types` (`prop_type_id`, `prop_typename`) VALUES (6, 'Bungalow');
INSERT INTO `property_types` (`prop_type_id`, `prop_typename`) VALUES (7, 'Resort');
INSERT INTO `property_types` (`prop_type_id`, `prop_typename`) VALUES (8, 'Hotel');
INSERT INTO `property_types` (`prop_type_id`, `prop_typename`) VALUES (9, 'Guest House');
INSERT INTO `property_types` (`prop_type_id`, `prop_typename`) VALUES (10, 'Apartment');
INSERT INTO `property_types` (`prop_type_id`, `prop_typename`) VALUES (11, 'Duplex');
INSERT INTO `property_types` (`prop_type_id`, `prop_typename`) VALUES (12, 'Villa');
INSERT INTO `property_types` (`prop_type_id`, `prop_typename`) VALUES (13, 'Studio');
INSERT INTO `property_types` (`prop_type_id`, `prop_typename`) VALUES (14, 'Bungalow');
INSERT INTO `property_types` (`prop_type_id`, `prop_typename`) VALUES (15, 'Resort');
INSERT INTO `property_types` (`prop_type_id`, `prop_typename`) VALUES (16, 'Hotel');
INSERT INTO `property_types` (`prop_type_id`, `prop_typename`) VALUES (17, 'Guest House');

-- Dumping data for table reviews
TRUNCATE TABLE `reviews`;
-- Table reviews is empty

-- Dumping data for table users
TRUNCATE TABLE `users`;
INSERT INTO `users` (`user_id`, `user_email`, `user_phoneno`, `user_password`, `user_profileimage`, `is_verified`, `user_status`, `user_timecreated`, `user_timeupdated`, `user_role`, `user_firstname`, `user_lastname`, `nin_number`, `nin_document`, `verification_status`, `verified_at`, `verified_by`, `verification_reason`) VALUES (1, 'yetty.o@gmail.com', '+234908877666', 'scrypt:32768:8:1$1VutobkXu9HWWChN$fc8042faf4d7cfe1e248fc28bfc2822b4bcc9939e605ff8ce274d7d289654061e12087f5fc55bc23c802abaa4da73673c4754cbabf5537fdd08a7cce215179dc', NULL, 0, 'inactive', '2026-06-20 14:20:29', '2026-06-20 14:20:29', 'customer', 'Yetty', 'Obaro', NULL, NULL, NULL, NULL, NULL, NULL);
INSERT INTO `users` (`user_id`, `user_email`, `user_phoneno`, `user_password`, `user_profileimage`, `is_verified`, `user_status`, `user_timecreated`, `user_timeupdated`, `user_role`, `user_firstname`, `user_lastname`, `nin_number`, `nin_document`, `verification_status`, `verified_at`, `verified_by`, `verification_reason`) VALUES (2, 'jullet.o@yahoo.com', '+234902277694', 'scrypt:32768:8:1$Alpyd6jrzulATsHW$ebd5a2711a3f0fce6528175299f7e865fe565af8e729782963d5d16bce274b4e5ad3a37c66a63983647497de177452cafad1ae6bc1e7f75a39ca73dda9b08205', NULL, 1, 'inactive', '2026-06-20 14:48:37', '2026-07-04 20:10:33', 'host', 'Jullet', 'Opara', NULL, NULL, NULL, NULL, NULL, NULL);
INSERT INTO `users` (`user_id`, `user_email`, `user_phoneno`, `user_password`, `user_profileimage`, `is_verified`, `user_status`, `user_timecreated`, `user_timeupdated`, `user_role`, `user_firstname`, `user_lastname`, `nin_number`, `nin_document`, `verification_status`, `verified_at`, `verified_by`, `verification_reason`) VALUES (3, 'abbey.g@gmail.com', '+2349083567490', 'scrypt:32768:8:1$feMPF90IaepgYm93$e660414f0b5c53071cb0d2595b2615541434fe17be995354443fa7e35bc86cb151a5522aed115946ae1d9bbc255fa519daf7c2c66676f64a91b7be8b803b0ab0', NULL, 0, 'inactive', '2026-06-20 15:31:11', '2026-06-20 15:31:11', 'customer', 'Abbey', 'Gideon', NULL, NULL, NULL, NULL, NULL, NULL);
INSERT INTO `users` (`user_id`, `user_email`, `user_phoneno`, `user_password`, `user_profileimage`, `is_verified`, `user_status`, `user_timecreated`, `user_timeupdated`, `user_role`, `user_firstname`, `user_lastname`, `nin_number`, `nin_document`, `verification_status`, `verified_at`, `verified_by`, `verification_reason`) VALUES (4, 'uche.k@gmail.com', '+2349083560049', 'scrypt:32768:8:1$0c8YWBF8SC9IcFfN$1b8dc12a9653c38b32df945d7284d67c753592f6b59a1128c5f195a09ff7f075033a8ce473167428109b811eb4c6600dc29ea2dfbff2433659c3e7dbd94de517', NULL, 0, 'inactive', '2026-06-20 15:41:28', '2026-06-20 15:41:28', 'customer', 'Uche', 'Kanu', NULL, NULL, NULL, NULL, NULL, NULL);
INSERT INTO `users` (`user_id`, `user_email`, `user_phoneno`, `user_password`, `user_profileimage`, `is_verified`, `user_status`, `user_timecreated`, `user_timeupdated`, `user_role`, `user_firstname`, `user_lastname`, `nin_number`, `nin_document`, `verification_status`, `verified_at`, `verified_by`, `verification_reason`) VALUES (5, 'gbadebo.a@gmail.com', '+2349083560000', 'scrypt:32768:8:1$MWlWvXboKm8uVRHr$218d1d3b9237afc1e6f3f6173acc4210374727568a9962376f0cf749e8be97096765a0951fb83835da73fd934b7973171fd1337685d982594a000a0cff45fb70', NULL, 0, 'inactive', '2026-06-20 15:48:06', '2026-06-20 15:48:06', 'customer', 'Gbadebo', 'Afolayan', NULL, NULL, NULL, NULL, NULL, NULL);
INSERT INTO `users` (`user_id`, `user_email`, `user_phoneno`, `user_password`, `user_profileimage`, `is_verified`, `user_status`, `user_timecreated`, `user_timeupdated`, `user_role`, `user_firstname`, `user_lastname`, `nin_number`, `nin_document`, `verification_status`, `verified_at`, `verified_by`, `verification_reason`) VALUES (6, 'chike@yahoo.com', '+234908666777', 'scrypt:32768:8:1$Ri2F1WToDHZl0cnq$615fe97c62e074bd6b740dc020b2a3b6a8c16271b54e1988a81cb070819ac53914c1e13e61389c22f3146d1798a4fec83ef4cae6bc24782fa3b79615fcf25c0d', NULL, 0, 'inactive', '2026-06-26 11:15:29', '2026-06-26 11:15:29', 'customer', 'Chike', 'Okeke', NULL, NULL, NULL, NULL, NULL, NULL);
INSERT INTO `users` (`user_id`, `user_email`, `user_phoneno`, `user_password`, `user_profileimage`, `is_verified`, `user_status`, `user_timecreated`, `user_timeupdated`, `user_role`, `user_firstname`, `user_lastname`, `nin_number`, `nin_document`, `verification_status`, `verified_at`, `verified_by`, `verification_reason`) VALUES (7, 'vicky@gmail.com', '+234800087789', 'scrypt:32768:8:1$QCZfqyGFvbyxJjib$d03c88c909b3be850c0ae60bc80dd04a62b73249ae8ec8d3ca416e35bebb89b3bc76c23b0218c948f6d3f9cd7cbbcef21268869998d3c85a04a13a0750c852ab', NULL, 0, 'active', '2026-06-26 21:24:24', '2026-06-26 21:24:24', 'customer', 'Vicky', 'Jones', NULL, NULL, NULL, NULL, NULL, NULL);
INSERT INTO `users` (`user_id`, `user_email`, `user_phoneno`, `user_password`, `user_profileimage`, `is_verified`, `user_status`, `user_timecreated`, `user_timeupdated`, `user_role`, `user_firstname`, `user_lastname`, `nin_number`, `nin_document`, `verification_status`, `verified_at`, `verified_by`, `verification_reason`) VALUES (8, 'adeyinka@gmail.com', '+2349107777999', 'scrypt:32768:8:1$hxlN1SZWruRMnZBa$220545833a26d52538d46c88c98e0f0d43668c5db9b0332e494be3107e8f1b403de956f789288d44d4e486c15606037654c49f080166ff4a8e31ec99af52f97f', NULL, 1, 'active', '2026-07-02 19:21:26', '2026-07-04 20:10:16', 'host', 'John', 'Adeyinka', NULL, NULL, NULL, NULL, NULL, NULL);
INSERT INTO `users` (`user_id`, `user_email`, `user_phoneno`, `user_password`, `user_profileimage`, `is_verified`, `user_status`, `user_timecreated`, `user_timeupdated`, `user_role`, `user_firstname`, `user_lastname`, `nin_number`, `nin_document`, `verification_status`, `verified_at`, `verified_by`, `verification_reason`) VALUES (9, 'joy@yahoo.com', '+2349011114448', 'scrypt:32768:8:1$1UiQfaW38MFPhPq1$1ce3357b5223cab0c0823bc9532201bbd7d35342c9667f61d0682e6f10e07524821cfdc9665ed1a0f6cb42f65198bf22a34dc911aa02a7191828e471b9c603bc', NULL, 0, 'active', '2026-07-02 20:16:09', '2026-07-02 20:16:09', 'customer', 'Joy', 'Emmanuel', NULL, NULL, NULL, NULL, NULL, NULL);
INSERT INTO `users` (`user_id`, `user_email`, `user_phoneno`, `user_password`, `user_profileimage`, `is_verified`, `user_status`, `user_timecreated`, `user_timeupdated`, `user_role`, `user_firstname`, `user_lastname`, `nin_number`, `nin_document`, `verification_status`, `verified_at`, `verified_by`, `verification_reason`) VALUES (10, 'phase3_1783394980.485001@example.com', '08083394980', 'scrypt:32768:8:1$HkUjl5xSSTzgrbRr$1a76cf8b8500b776f76a8dd8c1211fee7539c5e8c318fbe7c44fc231fc2333f74f7f0d3eaa8f834583b6ee7ced4a210cd07a6ae716a4f966aff93c4f081a93c0', NULL, 0, 'active', '2026-07-06 20:29:40', '2026-07-06 20:29:40', 'customer', 'Phase', 'Three', NULL, NULL, NULL, NULL, NULL, NULL);
INSERT INTO `users` (`user_id`, `user_email`, `user_phoneno`, `user_password`, `user_profileimage`, `is_verified`, `user_status`, `user_timecreated`, `user_timeupdated`, `user_role`, `user_firstname`, `user_lastname`, `nin_number`, `nin_document`, `verification_status`, `verified_at`, `verified_by`, `verification_reason`) VALUES (11, 'phase3b_1783395001.245683@example.com', '08183395001', 'scrypt:32768:8:1$KhrjmIDJSqDFrvRs$47d27d1033b7e01a5a34798ec2b25d360a1e5a950d2e7b99d4f35433dcaf112db0ec7b2466d5a79a2523850224f46091bbea82bd4396e3b762f0e483d7606aa1', NULL, 0, 'active', '2026-07-06 20:30:01', '2026-07-06 20:30:01', 'customer', 'Phase', 'Three', NULL, NULL, NULL, NULL, NULL, NULL);
INSERT INTO `users` (`user_id`, `user_email`, `user_phoneno`, `user_password`, `user_profileimage`, `is_verified`, `user_status`, `user_timecreated`, `user_timeupdated`, `user_role`, `user_firstname`, `user_lastname`, `nin_number`, `nin_document`, `verification_status`, `verified_at`, `verified_by`, `verification_reason`) VALUES (12, 'dele@gmail.com', '+234666611188', 'scrypt:32768:8:1$40b8kEpuoaZdVlh8$3c1743f761f0108fba71cd1874565973a4d5eb22a97d5ee9d52724deebf2b216bc2203c7ddcbb1f4b7d3c13f248175cbaed49af7a911a10bc9d4f7d13ccb271a', NULL, 1, 'active', '2026-07-08 18:48:34', '2026-07-08 20:06:27', 'host', 'Dele', 'Oyetola', '30327715405', 'host_documents\\nin\\5ded2bc392210428633e624fa44e56f1.jpeg', 'Verified', '2026-07-08 20:06:27', 2, NULL);

SET FOREIGN_KEY_CHECKS = 1;
